comuna_code,comuna,barrio_code,barrio_population_name,population_2026,polygon_barrio_name,match_method,imcv_ampi_2023
01,Popular,0101,Santo Domingo Savio No.1,23697,SANTO DOMINGO SAVIO No.1,exact,84.57
01,Popular,0102,Santo Domingo Savio No.2,9265,SANTO DOMINGO SAVIO No.2,exact,84.57
01,Popular,0103,Popular,25378,POPULAR,exact,84.57
01,Popular,0104,Granizal,11942,GRANIZAL,exact,84.57
01,Popular,0105,Moscú No.2,14317,MOSCU,explicit_alias,84.57
01,Popular,0106,Villa Guadalupe,11410,VILLA GUADALUPE,exact,84.57
01,Popular,0107,San Pablo,13437,SAN PABLO,exact,84.57
01,Popular,0108,El Compromiso,4317,EL COMPROMISO,exact,84.57
01,Popular,0109,Aldea Pablo VI,3180,ALDEA PABLO VI,exact,84.57
01,Popular,0110,La Esperanza No.2,3768,LA ESPERANZA No.2,exact,84.57
01,Popular,0111,La Avanzada,7723,LA AVANZADA,exact,84.57
01,Popular,0112,Carpinelo,13080,CARPINELO,exact,84.57
02,Santa Cruz,0201,La Isla,13593,LA ISLA,exact,89.42
02,Santa Cruz,0202,Playón de Los Comuneros,11243,PLAYON DE  LOS COMUNEROS,exact,89.42
02,Santa Cruz,0203,Pablo VI,5289,PABLO VI,exact,89.42
02,Santa Cruz,0204,La Frontera,6480,LA FRONTERA,exact,89.42
02,Santa Cruz,0205,La Francia,15853,LA FRANCIA,exact,89.42
02,Santa Cruz,0206,Andalucía,9974,ANDALUCIA,exact,89.42
02,Santa Cruz,0207,Villa del Socorro,13606,VILLA DEL SOCORRO,exact,89.42
02,Santa Cruz,0208,Villa Niza,7475,VILLA NIZA,exact,89.42
02,Santa Cruz,0209,Moscú No.1,9102,MOSCU No.1,exact,89.42
02,Santa Cruz,0210,Santa Cruz,15876,SANTA CRUZ,exact,89.42
02,Santa Cruz,0211,La Rosa,8873,LA ROSA,exact,89.42
03,Manrique,0301,La Salle,17545,LA SALLE,exact,90.05
03,Manrique,0302,Las Granjas,27361,LAS GRANJAS,exact,90.05
03,Manrique,0303,Campo Valdés No.2,18685,CAMPO VALDES No.2,exact,90.05
03,Manrique,0304,Santa Inés,18399,SANTA INES,exact,90.05
03,Manrique,0305,El Raizal,13624,EL RAIZAL,exact,90.05
03,Manrique,0306,El Pomar,4002,EL POMAR,exact,90.05
03,Manrique,0307,Manrique Central No.2,6206,MANRIQUE CENTRAL No.2,exact,90.05
03,Manrique,0308,Manrique Oriental,14111,MANRIQUE ORIENTAL,exact,90.05
03,Manrique,0309,Versalles No.1,19061,VERSALES No.1,explicit_alias,90.05
03,Manrique,0310,Versalles No.2,5462,VERSALES No.2,explicit_alias,90.05
03,Manrique,0311,La Cruz,10128,LA CRUZ,exact,90.05
03,Manrique,0312,Oriente,4549,ORIENTE,exact,90.05
03,Manrique,0313,María Cano-Carambolas,7604,MARIA CANO-CARAMBOLAS,exact,90.05
03,Manrique,0314,San José La Cima No.1,2992,SAN JOSE LA CIMA No.1,exact,90.05
03,Manrique,0315,San José La Cima No.2,2015,SAN JOSE LA CIMA No.2,exact,90.05
04,Aranjuez,0401,Berlín,12527,BERLIN,exact,95.6
04,Aranjuez,0402,San Isidro,19084,SAN ISIDRO,exact,95.6
04,Aranjuez,0403,Palermo,5603,PALERMO,exact,95.6
04,Aranjuez,0404,Bermejal-Los Álamos,10026,BERMEJAL-LOS ALAMOS,exact,95.6
04,Aranjuez,0405,Moravia,27141,MORAVIA,exact,95.6
04,Aranjuez,0407,Sevilla,1666,SEVILLA,exact,95.6
04,Aranjuez,0408,San Pedro,4493,SAN PEDRO,exact,95.6
04,Aranjuez,0409,Manrique Central No.1,8779,MANRIQUE CENTRAL No.1,exact,95.6
04,Aranjuez,0410,Campo Valdés No.1,14520,CAMPO VALDES No.1,exact,95.6
04,Aranjuez,0411,Las Esmeraldas,8405,LAS ESMERALDAS,exact,95.6
04,Aranjuez,0412,La Piñuela,9218,LA PINUELA,exact,95.6
04,Aranjuez,0413,Aranjuez,9342,ARANJUEZ,exact,95.6
04,Aranjuez,0414,Brasilia,11956,BRASILIA,exact,95.6
04,Aranjuez,0415,Miranda,6090,MIRANDA,exact,95.6
05,Castilla,0501,Toscana,7418,TOSCANA,exact,98.62
05,Castilla,0502,Las Brisas,8597,LAS BRISAS,exact,98.62
05,Castilla,0503,Florencia,11797,FLORENCIA,exact,98.62
05,Castilla,0504,Tejelo,12165,TEJELO,exact,98.62
05,Castilla,0505,Boyacá,6141,BOYACA,exact,98.62
05,Castilla,0507,Héctor Abad Gómez,3638,HECTOR ABAD GOMEZ,exact,98.62
05,Castilla,0508,Belalcázar,6162,BELALCAZAR,exact,98.62
05,Castilla,0509,Girardot,12192,GIRARDOT,exact,98.62
05,Castilla,0510,Tricentenario,6988,TRICENTENARIO,exact,98.62
05,Castilla,0511,Castilla,26562,CASTILLA,exact,98.62
05,Castilla,0513,Francisco Antonio Zea,10179,FRANCISCO ANTONIO ZEA,exact,98.62
05,Castilla,0514,Alfonso López,14339,ALFONSO LÓPEZ,exact,98.62
05,Castilla,0517,Caribe,523,CARIBE,exact,98.62
05,Castilla,0519,El Progreso,4390,EL PROGRESO,exact,98.62
06,Doce de Octubre,0601,Santander,14703,SANTANDER,exact,100.36
06,Doce de Octubre,0602,Doce de Octubre No.1,15935,DOCE DE OCTUBRE #1,exact,100.36
06,Doce de Octubre,0603,Doce de Octubre No.2,15744,DOCE DE OCTUBRE #2,exact,100.36
06,Doce de Octubre,0604,Pedregal,22832,PEDREGAL,exact,100.36
06,Doce de Octubre,0605,La Esperanza,25637,LA ESPERANZA,exact,100.36
06,Doce de Octubre,0606,San Martín de Porres,18362,SAN MARTIN DE PORRES,exact,100.36
06,Doce de Octubre,0607,Kennedy,30904,KENNEDY,exact,100.36
06,Doce de Octubre,0608,Picacho,21441,PICACHO,exact,100.36
06,Doce de Octubre,0609,Picachito,4824,PICACHITO,exact,100.36
06,Doce de Octubre,0610,Mirador del Doce,5385,MIRADOR DEL DOCE,exact,100.36
06,Doce de Octubre,0611,Progreso No.2,5965,PROGRESO #2,exact,100.36
06,Doce de Octubre,0612,El Triunfo,4830,EL TRIUNFO,exact,100.36
07,Robledo,0702,B. Cerro El Volador,871,CERRO EL VOLADOR,explicit_alias,99.75
07,Robledo,0703,San Germán,9243,SAN GERMAN,exact,99.75
07,Robledo,0705,Facultad de Minas U. Nacional,866,UNIVERSIDAD NACIONAL FACULTAD DE MINAS,explicit_alias,99.75
07,Robledo,0706,La Pilarica,7394,LA PILARICA,exact,99.75
07,Robledo,0707,Bosques de San Pablo,2251,BOSQUES DE SAN PABLO,exact,99.75
07,Robledo,0708,Altamira,11769,ALTAMIRA,exact,99.75
07,Robledo,0709,Córdoba,9553,CÓRDOBA,exact,99.75
07,Robledo,0710,López de  Mesa,4694,LUIS LÓPEZ DE MESA,explicit_alias,99.75
07,Robledo,0711,El Diamante,17244,EL DIAMANTE,exact,99.75
07,Robledo,0712,Aures No.2,24615,AURES #2,exact,99.75
07,Robledo,0713,Aures No.1,21463,AURES #1,exact,99.75
07,Robledo,0714,Bello Horizonte,7615,BELLO HORIZONTE,exact,99.75
07,Robledo,0715,Villa Flora,6053,VILLA FLORA,exact,99.75
07,Robledo,0716,Palenque,7995,PALENQUE,exact,99.75
07,Robledo,0717,Robledo,5380,ROBLEDO,exact,99.75
07,Robledo,0718,Cucaracho,13847,EL CUCARACHO,explicit_alias,99.75
07,Robledo,0719,Fuente Clara,2277,FUENTE CLARA,exact,99.75
07,Robledo,0720,Santa Margarita,9813,SANTA MARGARITA,exact,99.75
07,Robledo,0722,Olaya Herrera,9666,OLAYA HERRERA,exact,99.75
07,Robledo,0723,Pajarito,6067,PAJARITO,exact,99.75
07,Robledo,0724,Monteclaro,13799,MONTECLARO,exact,99.75
07,Robledo,0725,Nueva Villa de La Iguaná,2374,,intentionally_unmatched,99.75
08,Villa Hermosa,0801,Villa Hermosa,10969,VILLA HERMOSA,exact,92.38
08,Villa Hermosa,0802,La Mansión,10027,LA MANSION,exact,92.38
08,Villa Hermosa,0803,San Miguel,10162,SAN MIGUEL,exact,92.38
08,Villa Hermosa,0804,La Ladera,2380,LA LADERA,exact,92.38
08,Villa Hermosa,0805,Batallón Girardot,432,BATALLON GIRARDOT,exact,92.38
08,Villa Hermosa,0806,Llanaditas,10416,LLANADITAS No.2,explicit_alias,92.38
08,Villa Hermosa,0807,Los Mangos,18439,LOS MANGOS,exact,92.38
08,Villa Hermosa,0808,Enciso,12640,ENCISO,exact,92.38
08,Villa Hermosa,0809,Sucre,6159,SUCRE,exact,92.38
08,Villa Hermosa,0810,El Pinal,17546,EL PINAL,exact,92.38
08,Villa Hermosa,0811,Trece de Noviembre,9155,15 DE NOVIEMBRE,explicit_alias,92.38
08,Villa Hermosa,0812,La Libertad,10654,LA LIBERTAD,exact,92.38
08,Villa Hermosa,0813,Villatina,14743,VILLATINA,exact,92.38
08,Villa Hermosa,0814,San Antonio,4601,SAN ANTONIO,exact,92.38
08,Villa Hermosa,0815,Las Estancias,9771,LAS  ESTANCIAS,exact,92.38
08,Villa Hermosa,0816,Villa Turbay,3833,VILLA TURBAY,exact,92.38
08,Villa Hermosa,0817,La Sierra,2505,LA SIERRA,exact,92.38
08,Villa Hermosa,0819,Villa Lilliam,4885,VILLA LILIAM,explicit_alias,92.38
09,Buenos Aires,0901,Juan Pablo II,2696,JUAN PABLO,explicit_alias,101.5
09,Buenos Aires,0902,Barrios de Jesús,12979,BARRIOS DE JESUS,exact,101.5
09,Buenos Aires,0903,Bomboná No.2,19937,BOMBONA No.2,exact,101.5
09,Buenos Aires,0904,Los Cerros El Vergel,8689,LOS CERROS EL VERGEL,exact,101.5
09,Buenos Aires,0905,Alejandro Echavarría,7751,ALEJANDRO ECHAVARRIA,exact,101.5
09,Buenos Aires,0906,Barrio Caicedo,5594,CAYCEDO,explicit_alias,101.5
09,Buenos Aires,0907,Buenos Aires,8137,BUENOS AIRES,exact,101.5
09,Buenos Aires,0908,Miraflores,7909,MIRAFLORES,exact,101.5
09,Buenos Aires,0909,Cataluña,11740,CATALUÑA,exact,101.5
09,Buenos Aires,0910,La Milagrosa,6344,LA MILAGROSA,exact,101.5
09,Buenos Aires,0911,Gerona,9455,GERONA,exact,101.5
09,Buenos Aires,0912,El Salvador,14667,EL SALVADOR,exact,101.5
09,Buenos Aires,0913,Loreto,31263,LORETO,exact,101.5
09,Buenos Aires,0914,Asomadera No.1,13076,LA ASOMADERA No.1,explicit_alias,101.5
09,Buenos Aires,0915,Asomadera No.2,1210,LA ASOMADERA No.2,explicit_alias,101.5
09,Buenos Aires,0916,Asomadera No.3,153,LA ASOMADERA No.3,explicit_alias,101.5
09,Buenos Aires,0917,Ocho de Marzo,1907,8 DE MARZO,explicit_alias,101.5
10,La Candelaria,1001,Prado,9415,PRADO,exact,102.65
10,La Candelaria,1003,Jesús Nazareno,2148,JESUS NAZARENO,exact,102.65
10,La Candelaria,1004,El Chagualo,6580,EL CHAGUALO,exact,102.65
10,La Candelaria,1005,Estación Villa,664,ESTACION VILLA,exact,102.65
10,La Candelaria,1006,San Benito,652,SAN BENITO,exact,102.65
10,La Candelaria,1007,Guayaquil,760,GUAYAQUIL,exact,102.65
10,La Candelaria,1008,Corazón de Jesús,2659,CORAZON DEJESUS,explicit_alias,102.65
10,La Candelaria,1011,Calle Nueva,284,CALLE NUEVA,exact,102.65
10,La Candelaria,1012,Perpetuo Socorro,77,PERPETUO SOCORRO,exact,102.65
10,La Candelaria,1013,Barrio Colón,3092,COLON,explicit_alias,102.65
10,La Candelaria,1014,Las Palmas,8854,LAS PALMAS,exact,102.65
10,La Candelaria,1015,Bomboná No.1,7402,BOMBONA No.1,exact,102.65
10,La Candelaria,1016,Boston,15220,BOSTON,exact,102.65
10,La Candelaria,1017,Los Ángeles,6597,LOS ANGELES,exact,102.65
10,La Candelaria,1018,Villa Nueva,4628,VILLA NUEVA,exact,102.65
10,La Candelaria,1019,La Candelaria,3414,LA CANDELARIA,exact,102.65
10,La Candelaria,1020,San Diego,8715,SAN DIEGO,exact,102.65
11,Laureles Estadio,1101,Carlos E. Restrepo,3119,CARLOS E. RESTREPO,exact,117.75
11,Laureles Estadio,1102,Suramericana,3980,SURAMERICANA,exact,117.75
11,Laureles Estadio,1103,Naranjal,2000,NARANJAL,exact,117.75
11,Laureles Estadio,1104,San Joaquín,7168,SAN JOAQUÍN,exact,117.75
11,Laureles Estadio,1105,Los Conquistadores,9962,CONQUISTADORES,explicit_alias,117.75
11,Laureles Estadio,1107,Bolivariana,3925,BOLIVARIANA,exact,117.75
11,Laureles Estadio,1108,Laureles,15329,LAURELES,exact,117.75
11,Laureles Estadio,1109,Las Acacias,5861,LAS ACACIAS,exact,117.75
11,Laureles Estadio,1110,La Castellana,12811,LA CASTELLANA,exact,117.75
11,Laureles Estadio,1111,Lorena,9272,LORENA,exact,117.75
11,Laureles Estadio,1112,El Velódromo,5332,EL VELODROMO,exact,117.75
11,Laureles Estadio,1113,Estadio,4861,ESTADIO,exact,117.75
11,Laureles Estadio,1114,Los Colores,13806,LOS COLORES,exact,117.75
11,Laureles Estadio,1115,Cuarta Brigada,5130,CUARTA BRIGADA,exact,117.75
11,Laureles Estadio,1117,Florida Nueva,5765,FLORIDA NUEVA,exact,117.75
12,La América,1201,Ferrini,5141,FERRINI,exact,105.69
12,La América,1202,Calasanz,4583,CALASANZ,exact,105.69
12,La América,1203,Los Pinos,3302,LOS PINOS,exact,105.69
12,La América,1204,La América,9861,LA AMÉRICA,exact,105.69
12,La América,1205,La Floresta,10734,FLORESTA,explicit_alias,105.69
12,La América,1206,Santa Lucía,6102,SANTA LUCIA,exact,105.69
12,La América,1207,El Danubio,6021,EL DANUBIO,exact,105.69
12,La América,1208,Campo Alegre,6359,CAMPO ALEGRE,exact,105.69
12,La América,1209,Santa Mónica,7713,SANTA MÓNICA,exact,105.69
12,La América,1210,Barrio Cristóbal,7341,BARRIO CRISTOBAL,exact,105.69
12,La América,1211,Simón Bolívar,5335,SIMÓN BOLIVAR,exact,105.69
12,La América,1212,Santa Teresita,7692,SANTA TERESITA,exact,105.69
12,La América,1213,Calasanz Parte Alta,12194,CALASANZ PA.,explicit_alias,105.69
13,San Javier,1301,El Pesebre,8628,EL PESEBRE,exact,93.89
13,San Javier,1302,Blanquizal,12661,BLANQUIZAL,exact,93.89
13,San Javier,1303,Santa Rosa de Lima,3831,SANTA ROSA DE LIMA,exact,93.89
13,San Javier,1304,Los Alcázares,7518,LOS ALCAZARES,exact,93.89
13,San Javier,1305,Metropolitano,3486,METROPOLITANO,exact,93.89
13,San Javier,1306,La Pradera,13073,LA PRADERA,exact,93.89
13,San Javier,1307,Juan XXIII La Quiebra,13401,JUAN XXIII - LA QUIEBRA,exact,93.89
13,San Javier,1308,San Javier No.2,4073,SAN JAVIER #2,exact,93.89
13,San Javier,1309,San Javier No.1,4714,SAN JAVIER #1,exact,93.89
13,San Javier,1310,Veinte de Julio,12059,20 DE JULIO,explicit_alias,93.89
13,San Javier,1311,Belencito,4295,BELENCITO,exact,93.89
13,San Javier,1312,Betania,5242,BETANIA,exact,93.89
13,San Javier,1313,El Corazón,4387,EL CORAZÓN,exact,93.89
13,San Javier,1314,Las Independencias,13185,LA INDEPENDENCIA,explicit_alias,93.89
13,San Javier,1315,Nuevos Conquistadores,8758,NUEVOS CONQUISTADORES,exact,93.89
13,San Javier,1316,El Salado,16268,EL SALADO,exact,93.89
13,San Javier,1317,Eduardo Santos,4540,EDUARDO SANTOS,exact,93.89
13,San Javier,1318,Antonio Nariño,14879,ANTONIO NARIÑO,exact,93.89
13,San Javier,1319,El Socorro,9586,EL SOCORRO,exact,93.89
14,El Poblado,1401,Barrio Colombia,188,COLOMBIA,explicit_alias,116.59
14,El Poblado,1403,Villa Carlota,5096,VILLA CARLOTA,exact,116.59
14,El Poblado,1404,Castropol,10554,CASTROPOL,exact,116.59
14,El Poblado,1405,Lalinde,2832,LALINDE,exact,116.59
14,El Poblado,1406,Las Lomas No.1,3064,LAS LOMAS No.1,exact,116.59
14,El Poblado,1407,Las Lomas No.2,2719,LAS LOMAS No.2,exact,116.59
14,El Poblado,1408,Altos del Poblado,4187,ALTOS DEL POBLADO,exact,116.59
14,El Poblado,1409,El Tesoro,11032,ELTESORO,explicit_alias,116.59
14,El Poblado,1410,Los Naranjos,6734,LOS NARANJOS,exact,116.59
14,El Poblado,1411,Los Balsos No.1,11036,LOS BALSOS No.1,exact,116.59
14,El Poblado,1412,San Lucas,9473,SANLUCAS,explicit_alias,116.59
14,El Poblado,1413,El Diamante No.2,7571,EL DIAMANTE No.2,exact,116.59
14,El Poblado,1414,El Castillo,2150,EL CASTILLO,exact,116.59
14,El Poblado,1415,Los Balsos No.2,6946,LOS BALSOS No.2,exact,116.59
14,El Poblado,1416,Alejandría,5503,ALEJANDRIA,exact,116.59
14,El Poblado,1417,La Florida,9441,LA FLORIDA,exact,116.59
14,El Poblado,1418,El Poblado,389,EL POBLADO,exact,116.59
14,El Poblado,1419,Manila,775,MANILA,exact,116.59
14,El Poblado,1420,Astorga,619,ASTORGA,exact,116.59
14,El Poblado,1421,Patio Bonito,6366,PATIO BONITO,exact,116.59
14,El Poblado,1422,La Aguacatala,2249,LA AGUACATALA,exact,116.59
14,El Poblado,1423,Santa María de Los Ángeles,7521,SANTA MARIA DE LOS ANGELES,exact,116.59
15,Guayabal,1502,Tenche,29,TENCHE,exact,98.33
15,Guayabal,1503,Trinidad,11396,TRINIDAD,exact,98.33
15,Guayabal,1504,Santa Fé,8528,SANTA FE,exact,98.33
15,Guayabal,1507,Campo Amor,7431,CAMPO AMOR,exact,98.33
15,Guayabal,1509,Cristo Rey,14285,CRISTO REY,exact,98.33
15,Guayabal,1510,Guayabal,2173,GUAYABAL,exact,98.33
15,Guayabal,1511,La Colina,18437,LA COLINA,exact,98.33
16,Belén,1601,Fátima,8870,FÁTIMA,exact,104.58
16,Belén,1602,Rosales,7106,ROSALES,exact,104.58
16,Belén,1603,Belén,9269,BELEN,exact,104.58
16,Belén,1604,Granada,3688,GRANADA,exact,104.58
16,Belén,1605,San Bernardo,21902,SAN BERNARDO,exact,104.58
16,Belén,1606,Las Playas,10802,LAS PLAYAS,exact,104.58
16,Belén,1607,Diego Echavarría,5896,DIEGO ECHAVARRÍA,exact,104.58
16,Belén,1608,La Mota,11106,LA MOTA,exact,104.58
16,Belén,1609,La Hondonada,16396,LA HONDONADA,exact,104.58
16,Belén,1610,El Rincón,25017,EL RINCÓN,exact,104.58
16,Belén,1611,La Loma de Los Bernal,18522,LOMA DE LOS BERNAL,explicit_alias,104.58
16,Belén,1612,La Gloria,12992,LA GLORIA,exact,104.58
16,Belén,1613,Altavista,14235,ALTAVISTA,exact,104.58
16,Belén,1614,La Palma,6091,LA PALMA,exact,104.58
16,Belén,1615,Los Alpes,6556,LOS ALPES,exact,104.58
16,Belén,1616,Las Violetas,14222,LAS VIOLETAS,exact,104.58
16,Belén,1617,Las Mercedes,10797,LAS MERCEDES,exact,104.58
16,Belén,1618,Nueva Villa del Aburrá,2940,NUEVA VILLA DE ABURRA,explicit_alias,104.58
16,Belén,1619,Miravalle,4284,MIRAVALLE,exact,104.58
16,Belén,1620,El Nogal-Los Almendros,3483,EL NOGAL  LOS ALMENDROS,exact,104.58
16,Belén,1621,Cerro Nutibara,2325,CERRO NUTIBARA,exact,104.58
