year,month,pentad,precip_mm,valid
1981,1,1,0.000000,1
1981,1,2,0.207750,1
1981,1,3,0.000000,1
1981,1,4,0.000000,1
1981,1,5,5.325625,1
1981,1,6,7.143027,1
1981,2,1,13.476327,1
1981,2,2,0.000000,1
1981,2,3,12.603026,1
1981,2,4,36.250648,1
1981,2,5,29.594597,1
1981,2,6,11.889110,1
1981,3,1,31.092815,1
1981,3,2,53.239014,1
1981,3,3,26.242699,1
1981,3,4,0.000000,1
1981,3,5,0.000000,1
1981,3,6,15.231684,1
1981,4,1,19.926537,1
1981,4,2,32.367405,1
1981,4,3,80.846603,1
1981,4,4,73.488419,1
1981,4,5,15.195922,1
1981,4,6,58.996799,1
1981,5,1,61.997711,1
1981,5,2,66.044151,1
1981,5,3,55.760338,1
1981,5,4,39.789318,1
1981,5,5,43.707294,1
1981,5,6,75.455078,1
1981,6,1,42.096848,1
1981,6,2,51.638912,1
1981,6,3,40.903069,1
1981,6,4,30.614792,1
1981,6,5,17.875895,1
1981,6,6,40.346077,1
1981,7,1,34.577225,1
1981,7,2,60.106689,1
1981,7,3,35.674297,1
1981,7,4,44.111156,1
1981,7,5,0.975958,1
1981,7,6,0.923719,1
1981,8,1,7.054452,1
1981,8,2,45.425564,1
1981,8,3,30.224936,1
1981,8,4,12.785059,1
1981,8,5,58.549625,1
1981,8,6,63.680336,1
1981,9,1,64.880127,1
1981,9,2,51.701702,1
1981,9,3,21.752136,1
1981,9,4,13.349342,1
1981,9,5,4.325224,1
1981,9,6,26.261429,1
1981,10,1,18.703405,1
1981,10,2,59.794212,1
1981,10,3,66.195450,1
1981,10,4,15.397648,1
1981,10,5,44.297695,1
1981,10,6,63.224232,1
1981,11,1,0.000000,1
1981,11,2,23.459978,1
1981,11,3,65.738174,1
1981,11,4,15.574697,1
1981,11,5,36.562347,1
1981,11,6,34.964436,1
1981,12,1,20.516928,1
1981,12,2,18.865124,1
1981,12,3,19.735107,1
1981,12,4,28.574736,1
1981,12,5,25.313887,1
1981,12,6,21.927578,1
1982,1,1,25.936678,1
1982,1,2,0.507860,1
1982,1,3,8.105568,1
1982,1,4,0.000000,1
1982,1,5,0.000000,1
1982,1,6,60.757496,1
1982,2,1,17.326187,1
1982,2,2,45.361843,1
1982,2,3,25.981791,1
1982,2,4,30.906942,1
1982,2,5,11.316825,1
1982,2,6,17.881029,1
1982,3,1,21.275234,1
1982,3,2,0.000000,1
1982,3,3,7.808234,1
1982,3,4,35.608109,1
1982,3,5,29.153122,1
1982,3,6,56.314667,1
1982,4,1,61.504860,1
1982,4,2,59.564125,1
1982,4,3,30.383518,1
1982,4,4,52.131565,1
1982,4,5,33.377048,1
1982,4,6,80.662804,1
1982,5,1,77.734573,1
1982,5,2,64.810455,1
1982,5,3,26.237499,1
1982,5,4,39.858208,1
1982,5,5,88.265984,1
1982,5,6,46.127411,1
1982,6,1,14.099793,1
1982,6,2,40.208599,1
1982,6,3,13.518826,1
1982,6,4,16.407488,1
1982,6,5,24.070925,1
1982,6,6,2.627811,1
1982,7,1,22.710098,1
1982,7,2,11.765343,1
1982,7,3,,0
1982,7,4,14.772608,1
1982,7,5,5.702714,1
1982,7,6,18.185637,1
1982,8,1,17.135452,1
1982,8,2,41.029976,1
1982,8,3,13.491323,1
1982,8,4,12.515568,1
1982,8,5,11.135681,1
1982,8,6,8.353318,1
1982,9,1,10.598878,1
1982,9,2,20.697800,1
1982,9,3,46.955658,1
1982,9,4,35.728664,1
1982,9,5,24.071840,1
1982,9,6,34.366970,1
1982,10,1,41.023666,1
1982,10,2,46.757305,1
1982,10,3,33.504456,1
1982,10,4,65.298012,1
1982,10,5,59.550453,1
1982,10,6,48.457436,1
1982,11,1,29.419764,1
1982,11,2,16.941988,1
1982,11,3,14.246356,1
1982,11,4,37.528656,1
1982,11,5,19.500345,1
1982,11,6,33.495110,1
1982,12,1,13.628101,1
1982,12,2,42.766270,1
1982,12,3,25.123672,1
1982,12,4,24.636204,1
1982,12,5,34.867905,1
1982,12,6,0.914621,1
1983,1,1,5.634313,1
1983,1,2,5.866189,1
1983,1,3,0.000000,1
1983,1,4,0.000000,1
1983,1,5,0.000000,1
1983,1,6,13.817427,1
1983,2,1,14.904745,1
1983,2,2,9.766093,1
1983,2,3,0.101823,1
1983,2,4,2.097576,1
1983,2,5,15.105921,1
1983,2,6,6.640350,1
1983,3,1,22.038645,1
1983,3,2,34.152424,1
1983,3,3,5.908183,1
1983,3,4,19.180834,1
1983,3,5,20.406796,1
1983,3,6,55.703987,1
1983,4,1,11.174847,1
1983,4,2,61.456181,1
1983,4,3,53.433933,1
1983,4,4,48.086624,1
1983,4,5,34.696690,1
1983,4,6,68.078758,1
1983,5,1,36.396591,1
1983,5,2,27.797138,1
1983,5,3,26.124666,1
1983,5,4,33.369663,1
1983,5,5,38.486927,1
1983,5,6,31.413771,1
1983,6,1,47.307178,1
1983,6,2,22.964750,1
1983,6,3,14.988151,1
1983,6,4,7.159824,1
1983,6,5,7.856160,1
1983,6,6,15.642488,1
1983,7,1,25.504581,1
1983,7,2,52.725479,1
1983,7,3,18.664978,1
1983,7,4,18.152918,1
1983,7,5,17.099232,1
1983,7,6,23.283205,1
1983,8,1,36.754028,1
1983,8,2,25.544878,1
1983,8,3,10.221514,1
1983,8,4,11.479962,1
1983,8,5,23.989075,1
1983,8,6,52.073105,1
1983,9,1,43.180260,1
1983,9,2,43.980957,1
1983,9,3,20.042850,1
1983,9,4,32.351158,1
1983,9,5,32.537743,1
1983,9,6,8.836312,1
1983,10,1,18.061211,1
1983,10,2,25.544613,1
1983,10,3,60.684902,1
1983,10,4,37.680107,1
1983,10,5,37.905083,1
1983,10,6,48.121666,1
1983,11,1,18.523075,1
1983,11,2,19.339045,1
1983,11,3,24.906393,1
1983,11,4,31.011307,1
1983,11,5,34.812649,1
1983,11,6,22.624767,1
1983,12,1,22.886564,1
1983,12,2,58.299717,1
1983,12,3,19.897408,1
1983,12,4,57.458992,1
1983,12,5,6.767941,1
1983,12,6,37.906330,1
1984,1,1,52.956165,1
1984,1,2,0.616669,1
1984,1,3,0.000000,1
1984,1,4,33.391006,1
1984,1,5,24.384317,1
1984,1,6,0.000000,1
1984,2,1,28.513266,1
1984,2,2,34.080322,1
1984,2,3,13.525913,1
1984,2,4,17.056744,1
1984,2,5,21.989342,1
1984,2,6,21.287573,1
1984,3,1,17.565746,1
1984,3,2,0.000000,1
1984,3,3,0.000000,1
1984,3,4,8.856456,1
1984,3,5,0.000000,1
1984,3,6,16.799820,1
1984,4,1,4.480408,1
1984,4,2,14.095046,1
1984,4,3,33.584206,1
1984,4,4,5.012084,1
1984,4,5,71.887527,1
1984,4,6,40.057877,1
1984,5,1,17.338953,1
1984,5,2,38.784687,1
1984,5,3,85.108788,1
1984,5,4,56.568966,1
1984,5,5,32.356712,1
1984,5,6,53.196304,1
1984,6,1,40.737606,1
1984,6,2,53.783066,1
1984,6,3,50.742142,1
1984,6,4,18.010511,1
1984,6,5,49.949673,1
1984,6,6,30.614910,1
1984,7,1,37.962563,1
1984,7,2,50.304794,1
1984,7,3,31.130795,1
1984,7,4,10.348616,1
1984,7,5,14.244506,1
1984,7,6,42.371292,1
1984,8,1,62.861744,1
1984,8,2,38.144306,1
1984,8,3,34.333122,1
1984,8,4,63.763367,1
1984,8,5,18.738798,1
1984,8,6,24.565521,1
1984,9,1,47.868706,1
1984,9,2,57.267178,1
1984,9,3,59.118595,1
1984,9,4,41.206356,1
1984,9,5,44.698570,1
1984,9,6,8.392782,1
1984,10,1,38.568443,1
1984,10,2,32.325886,1
1984,10,3,63.767807,1
1984,10,4,66.954155,1
1984,10,5,55.640118,1
1984,10,6,63.144985,1
1984,11,1,0.000000,1
1984,11,2,19.557384,1
1984,11,3,34.471916,1
1984,11,4,31.173025,1
1984,11,5,41.384094,1
1984,11,6,51.524750,1
1984,12,1,11.509209,1
1984,12,2,17.521694,1
1984,12,3,13.425735,1
1984,12,4,27.381634,1
1984,12,5,13.629109,1
1984,12,6,7.279191,1
1985,1,1,0.000000,1
1985,1,2,0.223167,1
1985,1,3,0.000000,1
1985,1,4,0.000000,1
1985,1,5,0.000000,1
1985,1,6,0.000000,1
1985,2,1,0.000000,1
1985,2,2,18.012434,1
1985,2,3,0.192168,1
1985,2,4,2.639643,1
1985,2,5,38.789928,1
1985,2,6,0.000000,1
1985,3,1,1.779154,1
1985,3,2,39.064156,1
1985,3,3,16.086157,1
1985,3,4,0.000000,1
1985,3,5,0.000000,1
1985,3,6,60.181618,1
1985,4,1,38.891502,1
1985,4,2,34.695034,1
1985,4,3,13.311283,1
1985,4,4,16.540249,1
1985,4,5,66.179138,1
1985,4,6,0.000000,1
1985,5,1,57.779816,1
1985,5,2,75.847313,1
1985,5,3,42.119068,1
1985,5,4,27.653769,1
1985,5,5,33.240475,1
1985,5,6,21.730080,1
1985,6,1,59.348408,1
1985,6,2,16.212595,1
1985,6,3,0.000000,1
1985,6,4,4.984230,1
1985,6,5,5.463501,1
1985,6,6,17.073875,1
1985,7,1,7.633767,1
1985,7,2,10.577551,1
1985,7,3,3.012357,1
1985,7,4,17.144476,1
1985,7,5,59.152126,1
1985,7,6,61.674213,1
1985,8,1,36.352722,1
1985,8,2,71.985039,1
1985,8,3,25.195858,1
1985,8,4,57.657246,1
1985,8,5,37.111618,1
1985,8,6,63.647362,1
1985,9,1,37.545918,1
1985,9,2,50.019199,1
1985,9,3,52.802864,1
1985,9,4,22.876265,1
1985,9,5,62.109753,1
1985,9,6,43.688049,1
1985,10,1,20.910912,1
1985,10,2,38.932304,1
1985,10,3,19.749981,1
1985,10,4,40.526970,1
1985,10,5,73.333855,1
1985,10,6,53.364292,1
1985,11,1,0.000000,1
1985,11,2,12.250874,1
1985,11,3,52.219254,1
1985,11,4,35.642784,1
1985,11,5,33.616753,1
1985,11,6,25.202085,1
1985,12,1,33.231560,1
1985,12,2,22.158495,1
1985,12,3,0.000000,1
1985,12,4,0.730138,1
1985,12,5,0.060795,1
1985,12,6,0.743828,1
1986,1,1,16.869019,1
1986,1,2,0.194995,1
1986,1,3,0.000000,1
1986,1,4,15.653407,1
1986,1,5,25.048399,1
1986,1,6,25.653452,1
1986,2,1,0.000000,1
1986,2,2,0.000000,1
1986,2,3,31.554781,1
1986,2,4,42.752602,1
1986,2,5,33.542324,1
1986,2,6,0.000000,1
1986,3,1,10.066630,1
1986,3,2,0.000000,1
1986,3,3,30.098873,1
1986,3,4,23.710005,1
1986,3,5,18.309401,1
1986,3,6,33.508930,1
1986,4,1,43.232796,1
1986,4,2,78.366898,1
1986,4,3,38.022343,1
1986,4,4,83.359077,1
1986,4,5,34.072117,1
1986,4,6,18.695938,1
1986,5,1,37.203644,1
1986,5,2,36.595119,1
1986,5,3,46.600685,1
1986,5,4,5.937741,1
1986,5,5,45.643471,1
1986,5,6,42.446194,1
1986,6,1,63.916065,1
1986,6,2,24.068651,1
1986,6,3,23.824846,1
1986,6,4,8.162374,1
1986,6,5,27.932096,1
1986,6,6,63.914520,1
1986,7,1,13.375455,1
1986,7,2,7.974943,1
1986,7,3,1.175827,1
1986,7,4,30.296177,1
1986,7,5,3.988811,1
1986,7,6,1.854658,1
1986,8,1,9.984168,1
1986,8,2,0.000000,1
1986,8,3,27.914913,1
1986,8,4,51.645706,1
1986,8,5,39.054264,1
1986,8,6,35.674267,1
1986,9,1,22.622667,1
1986,9,2,4.983686,1
1986,9,3,22.251749,1
1986,9,4,32.659389,1
1986,9,5,30.185049,1
1986,9,6,38.392998,1
1986,10,1,58.571175,1
1986,10,2,42.344074,1
1986,10,3,40.971508,1
1986,10,4,93.973083,1
1986,10,5,62.326721,1
1986,10,6,52.033676,1
1986,11,1,27.902903,1
1986,11,2,35.018837,1
1986,11,3,29.539049,1
1986,11,4,16.862139,1
1986,11,5,41.872425,1
1986,11,6,3.882447,1
1986,12,1,0.000000,1
1986,12,2,23.628466,1
1986,12,3,15.195177,1
1986,12,4,1.962296,1
1986,12,5,11.991405,1
1986,12,6,26.568052,1
1987,1,1,14.438287,1
1987,1,2,12.272761,1
1987,1,3,0.000000,1
1987,1,4,0.000000,1
1987,1,5,0.000000,1
1987,1,6,7.446530,1
1987,2,1,0.000000,1
1987,2,2,12.375010,1
1987,2,3,36.348824,1
1987,2,4,1.940724,1
1987,2,5,6.714324,1
1987,2,6,0.000000,1
1987,3,1,14.681373,1
1987,3,2,17.283356,1
1987,3,3,22.666176,1
1987,3,4,12.098835,1
1987,3,5,9.692623,1
1987,3,6,46.768932,1
1987,4,1,64.515251,1
1987,4,2,18.161303,1
1987,4,3,11.426287,1
1987,4,4,27.687979,1
1987,4,5,54.335060,1
1987,4,6,64.938553,1
1987,5,1,59.039776,1
1987,5,2,24.606285,1
1987,5,3,23.570847,1
1987,5,4,47.131313,1
1987,5,5,43.668564,1
1987,5,6,23.186714,1
1987,6,1,31.499172,1
1987,6,2,17.666197,1
1987,6,3,17.841091,1
1987,6,4,7.357910,1
1987,6,5,16.595570,1
1987,6,6,5.503043,1
1987,7,1,30.623753,1
1987,7,2,16.784462,1
1987,7,3,26.020624,1
1987,7,4,32.068176,1
1987,7,5,67.327576,1
1987,7,6,101.978226,1
1987,8,1,60.464458,1
1987,8,2,8.231374,1
1987,8,3,14.057422,1
1987,8,4,9.597959,1
1987,8,5,6.673465,1
1987,8,6,27.597717,1
1987,9,1,50.994328,1
1987,9,2,32.012474,1
1987,9,3,44.455418,1
1987,9,4,39.891705,1
1987,9,5,77.413826,1
1987,9,6,49.192661,1
1987,10,1,48.439175,1
1987,10,2,36.246902,1
1987,10,3,53.239716,1
1987,10,4,62.070850,1
1987,10,5,36.977806,1
1987,10,6,68.727440,1
1987,11,1,17.277298,1
1987,11,2,14.018909,1
1987,11,3,15.835567,1
1987,11,4,25.934338,1
1987,11,5,44.878807,1
1987,11,6,3.330084,1
1987,12,1,49.779812,1
1987,12,2,0.000000,1
1987,12,3,19.103617,1
1987,12,4,0.737961,1
1987,12,5,0.066666,1
1987,12,6,24.692812,1
1988,1,1,0.000000,1
1988,1,2,14.218006,1
1988,1,3,0.000000,1
1988,1,4,0.000000,1
1988,1,5,0.000000,1
1988,1,6,0.000000,1
1988,2,1,17.213840,1
1988,2,2,36.683254,1
1988,2,3,0.149094,1
1988,2,4,2.899260,1
1988,2,5,34.541473,1
1988,2,6,15.934459,1
1988,3,1,4.154075,1
1988,3,2,16.579084,1
1988,3,3,16.214983,1
1988,3,4,9.178469,1
1988,3,5,0.000000,1
1988,3,6,19.575464,1
1988,4,1,33.125610,1
1988,4,2,44.367989,1
1988,4,3,46.956619,1
1988,4,4,8.583223,1
1988,4,5,26.645817,1
1988,4,6,45.819592,1
1988,5,1,29.233021,1
1988,5,2,25.960220,1
1988,5,3,43.909939,1
1988,5,4,50.855385,1
1988,5,5,6.823635,1
1988,5,6,64.305359,1
1988,6,1,38.623447,1
1988,6,2,4.437942,1
1988,6,3,39.091125,1
1988,6,4,40.951336,1
1988,6,5,52.009731,1
1988,6,6,31.773159,1
1988,7,1,54.230156,1
1988,7,2,38.165150,1
1988,7,3,7.006097,1
1988,7,4,4.538893,1
1988,7,5,19.808813,1
1988,7,6,37.750866,1
1988,8,1,54.715954,1
1988,8,2,48.352352,1
1988,8,3,53.290962,1
1988,8,4,61.557930,1
1988,8,5,27.883202,1
1988,8,6,77.743271,1
1988,9,1,46.993229,1
1988,9,2,38.601143,1
1988,9,3,57.340511,1
1988,9,4,57.297718,1
1988,9,5,22.055382,1
1988,9,6,24.096252,1
1988,10,1,35.139717,1
1988,10,2,45.725250,1
1988,10,3,85.079857,1
1988,10,4,40.584156,1
1988,10,5,33.632500,1
1988,10,6,40.441780,1
1988,11,1,40.817265,1
1988,11,2,42.095947,1
1988,11,3,43.203579,1
1988,11,4,43.226551,1
1988,11,5,95.085274,1
1988,11,6,1.940383,1
1988,12,1,35.397873,1
1988,12,2,33.886353,1
1988,12,3,21.868589,1
1988,12,4,10.436031,1
1988,12,5,28.621447,1
1988,12,6,50.367561,1
1989,1,1,47.640602,1
1989,1,2,0.160488,1
1989,1,3,0.000000,1
1989,1,4,11.547870,1
1989,1,5,15.470332,1
1989,1,6,16.222548,1
1989,2,1,33.317333,1
1989,2,2,25.932854,1
1989,2,3,24.283398,1
1989,2,4,18.087246,1
1989,2,5,0.000000,1
1989,2,6,0.000000,1
1989,3,1,16.203077,1
1989,3,2,28.558094,1
1989,3,3,31.304468,1
1989,3,4,39.590389,1
1989,3,5,18.519003,1
1989,3,6,48.463745,1
1989,4,1,24.644024,1
1989,4,2,20.225296,1
1989,4,3,20.773277,1
1989,4,4,15.443451,1
1989,4,5,42.493443,1
1989,4,6,54.684616,1
1989,5,1,99.325668,1
1989,5,2,72.738091,1
1989,5,3,35.755260,1
1989,5,4,2.760604,1
1989,5,5,55.660019,1
1989,5,6,27.231371,1
1989,6,1,28.247353,1
1989,6,2,53.876308,1
1989,6,3,30.711000,1
1989,6,4,33.871761,1
1989,6,5,42.844257,1
1989,6,6,27.370325,1
1989,7,1,26.564781,1
1989,7,2,13.024492,1
1989,7,3,0.000000,1
1989,7,4,15.991159,1
1989,7,5,28.126020,1
1989,7,6,33.446762,1
1989,8,1,19.677906,1
1989,8,2,40.717979,1
1989,8,3,36.890507,1
1989,8,4,23.514875,1
1989,8,5,54.233265,1
1989,8,6,83.673157,1
1989,9,1,28.148497,1
1989,9,2,54.707783,1
1989,9,3,78.341583,1
1989,9,4,64.002647,1
1989,9,5,54.827450,1
1989,9,6,63.046169,1
1989,10,1,31.950071,1
1989,10,2,50.073257,1
1989,10,3,38.328037,1
1989,10,4,38.826946,1
1989,10,5,35.219875,1
1989,10,6,72.968994,1
1989,11,1,23.754414,1
1989,11,2,17.756800,1
1989,11,3,31.464359,1
1989,11,4,36.124023,1
1989,11,5,15.467678,1
1989,11,6,20.853485,1
1989,12,1,53.482594,1
1989,12,2,8.555955,1
1989,12,3,7.396301,1
1989,12,4,3.108942,1
1989,12,5,29.110155,1
1989,12,6,7.883286,1
1990,1,1,11.451721,1
1990,1,2,22.650774,1
1990,1,3,17.570732,1
1990,1,4,10.029812,1
1990,1,5,11.343064,1
1990,1,6,6.150818,1
1990,2,1,36.208286,1
1990,2,2,31.660332,1
1990,2,3,0.181795,1
1990,2,4,3.485845,1
1990,2,5,8.879504,1
1990,2,6,8.388663,1
1990,3,1,25.539387,1
1990,3,2,11.321045,1
1990,3,3,19.038900,1
1990,3,4,38.197926,1
1990,3,5,36.848930,1
1990,3,6,22.204451,1
1990,4,1,48.964710,1
1990,4,2,9.617295,1
1990,4,3,54.939972,1
1990,4,4,19.960180,1
1990,4,5,73.739349,1
1990,4,6,60.277622,1
1990,5,1,43.809376,1
1990,5,2,36.430920,1
1990,5,3,45.639629,1
1990,5,4,6.201552,1
1990,5,5,20.990147,1
1990,5,6,52.730362,1
1990,6,1,31.136475,1
1990,6,2,39.329128,1
1990,6,3,60.906075,1
1990,6,4,7.112757,1
1990,6,5,9.371084,1
1990,6,6,7.000453,1
1990,7,1,24.807711,1
1990,7,2,43.215321,1
1990,7,3,25.500795,1
1990,7,4,67.151100,1
1990,7,5,20.519859,1
1990,7,6,13.912939,1
1990,8,1,12.348942,1
1990,8,2,10.655643,1
1990,8,3,27.491302,1
1990,8,4,32.408707,1
1990,8,5,5.571674,1
1990,8,6,66.585190,1
1990,9,1,27.303970,1
1990,9,2,47.820690,1
1990,9,3,60.498077,1
1990,9,4,17.888577,1
1990,9,5,55.083675,1
1990,9,6,35.604702,1
1990,10,1,45.011490,1
1990,10,2,75.604279,1
1990,10,3,72.880424,1
1990,10,4,48.786243,1
1990,10,5,63.415756,1
1990,10,6,70.582489,1
1990,11,1,45.586578,1
1990,11,2,15.895175,1
1990,11,3,12.201060,1
1990,11,4,43.822929,1
1990,11,5,38.254650,1
1990,11,6,24.803461,1
1990,12,1,43.648308,1
1990,12,2,22.644047,1
1990,12,3,8.665741,1
1990,12,4,5.940993,1
1990,12,5,5.450599,1
1990,12,6,9.060106,1
1991,1,1,13.831055,1
1991,1,2,0.198512,1
1991,1,3,14.288930,1
1991,1,4,9.611720,1
1991,1,5,1.807234,1
1991,1,6,1.918427,1
1991,2,1,11.170245,1
1991,2,2,0.000000,1
1991,2,3,16.928652,1
1991,2,4,12.140876,1
1991,2,5,0.000000,1
1991,2,6,10.862762,1
1991,3,1,27.185518,1
1991,3,2,52.479504,1
1991,3,3,15.342363,1
1991,3,4,0.000000,1
1991,3,5,24.230257,1
1991,3,6,59.365253,1
1991,4,1,5.421414,1
1991,4,2,33.287102,1
1991,4,3,50.097687,1
1991,4,4,39.223598,1
1991,4,5,18.768194,1
1991,4,6,46.194340,1
1991,5,1,37.866196,1
1991,5,2,9.618675,1
1991,5,3,39.599869,1
1991,5,4,64.931831,1
1991,5,5,43.360706,1
1991,5,6,20.497629,1
1991,6,1,26.782938,1
1991,6,2,19.274298,1
1991,6,3,,0
1991,6,4,,0
1991,6,5,,0
1991,6,6,,0
1991,7,1,43.419521,1
1991,7,2,33.692329,1
1991,7,3,7.683508,1
1991,7,4,9.122548,1
1991,7,5,5.455778,1
1991,7,6,67.198120,1
1991,8,1,24.494925,1
1991,8,2,41.229534,1
1991,8,3,0.000000,1
1991,8,4,6.661120,1
1991,8,5,3.033454,1
1991,8,6,11.760115,1
1991,9,1,6.489752,1
1991,9,2,14.302412,1
1991,9,3,31.170547,1
1991,9,4,38.751869,1
1991,9,5,43.312202,1
1991,9,6,31.166071,1
1991,10,1,53.656952,1
1991,10,2,98.635658,1
1991,10,3,46.478619,1
1991,10,4,30.241364,1
1991,10,5,2.773416,1
1991,10,6,41.362488,1
1991,11,1,28.585001,1
1991,11,2,0.000000,1
1991,11,3,66.364227,1
1991,11,4,7.600829,1
1991,11,5,,0
1991,11,6,,0
1991,12,1,,0
1991,12,2,,0
1991,12,3,,0
1991,12,4,,0
1991,12,5,,0
1991,12,6,,0
1992,1,1,0.000000,1
1992,1,2,5.634888,1
1992,1,3,17.858755,1
1992,1,4,0.000000,1
1992,1,5,25.698092,1
1992,1,6,0.000000,1
1992,2,1,4.278687,1
1992,2,2,6.311486,1
1992,2,3,18.747190,1
1992,2,4,19.346060,1
1992,2,5,16.504189,1
1992,2,6,8.009100,1
1992,3,1,11.335191,1
1992,3,2,6.325296,1
1992,3,3,27.731733,1
1992,3,4,5.170528,1
1992,3,5,0.000000,1
1992,3,6,9.300843,1
1992,4,1,7.372135,1
1992,4,2,0.000000,1
1992,4,3,37.277065,1
1992,4,4,12.542300,1
1992,4,5,23.521151,1
1992,4,6,49.781418,1
1992,5,1,32.179699,1
1992,5,2,53.790421,1
1992,5,3,32.612320,1
1992,5,4,41.685829,1
1992,5,5,38.612049,1
1992,5,6,40.673553,1
1992,6,1,30.927366,1
1992,6,2,13.531725,1
1992,6,3,2.206857,1
1992,6,4,33.483139,1
1992,6,5,1.335589,1
1992,6,6,14.174839,1
1992,7,1,9.234925,1
1992,7,2,4.712975,1
1992,7,3,33.716309,1
1992,7,4,11.761642,1
1992,7,5,6.694568,1
1992,7,6,35.257557,1
1992,8,1,30.670862,1
1992,8,2,15.609333,1
1992,8,3,24.238518,1
1992,8,4,16.106071,1
1992,8,5,9.091569,1
1992,8,6,65.423965,1
1992,9,1,17.813110,1
1992,9,2,24.200056,1
1992,9,3,15.700732,1
1992,9,4,36.482033,1
1992,9,5,61.543793,1
1992,9,6,21.181671,1
1992,10,1,35.768169,1
1992,10,2,49.746143,1
1992,10,3,13.185295,1
1992,10,4,21.141533,1
1992,10,5,24.674273,1
1992,10,6,,0
1992,11,1,46.827461,1
1992,11,2,25.050463,1
1992,11,3,27.259317,1
1992,11,4,23.597368,1
1992,11,5,39.795315,1
1992,11,6,4.704695,1
1992,12,1,54.882420,1
1992,12,2,26.938734,1
1992,12,3,23.369440,1
1992,12,4,9.593881,1
1992,12,5,12.234799,1
1992,12,6,11.612758,1
1993,1,1,26.177523,1
1993,1,2,48.370949,1
1993,1,3,0.000000,1
1993,1,4,35.824158,1
1993,1,5,13.892578,1
1993,1,6,29.417068,1
1993,2,1,0.000000,1
1993,2,2,32.054653,1
1993,2,3,12.265044,1
1993,2,4,0.605744,1
1993,2,5,0.000000,1
1993,2,6,6.743859,1
1993,3,1,0.673962,1
1993,3,2,0.000000,1
1993,3,3,9.534709,1
1993,3,4,33.546959,1
1993,3,5,78.662338,1
1993,3,6,37.967110,1
1993,4,1,32.960018,1
1993,4,2,,0
1993,4,3,,0
1993,4,4,,0
1993,4,5,,0
1993,4,6,,0
1993,5,1,44.295288,1
1993,5,2,63.191151,1
1993,5,3,25.436977,1
1993,5,4,51.388931,1
1993,5,5,67.247627,1
1993,5,6,28.917673,1
1993,6,1,0.287733,1
1993,6,2,7.789105,1
1993,6,3,11.978561,1
1993,6,4,18.111298,1
1993,6,5,13.554620,1
1993,6,6,42.112362,1
1993,7,1,59.538456,1
1993,7,2,14.385046,1
1993,7,3,9.026848,1
1993,7,4,6.954728,1
1993,7,5,16.212557,1
1993,7,6,36.936913,1
1993,8,1,4.609231,1
1993,8,2,32.253464,1
1993,8,3,36.652149,1
1993,8,4,26.887154,1
1993,8,5,47.130623,1
1993,8,6,35.617245,1
1993,9,1,33.333473,1
1993,9,2,44.000877,1
1993,9,3,98.338524,1
1993,9,4,18.401295,1
1993,9,5,32.262444,1
1993,9,6,43.799393,1
1993,10,1,25.097513,1
1993,10,2,77.603806,1
1993,10,3,9.594239,1
1993,10,4,38.544231,1
1993,10,5,28.964533,1
1993,10,6,,0
1993,11,1,34.136349,1
1993,11,2,49.905437,1
1993,11,3,73.102829,1
1993,11,4,23.700739,1
1993,11,5,42.286598,1
1993,11,6,53.603584,1
1993,12,1,15.108590,1
1993,12,2,14.972898,1
1993,12,3,44.651268,1
1993,12,4,2.609217,1
1993,12,5,0.052668,1
1993,12,6,12.676413,1
1994,1,1,10.901609,1
1994,1,2,15.602345,1
1994,1,3,0.000000,1
1994,1,4,7.041243,1
1994,1,5,0.000000,1
1994,1,6,14.065596,1
1994,2,1,25.976408,1
1994,2,2,0.000000,1
1994,2,3,15.869539,1
1994,2,4,22.827303,1
1994,2,5,45.959396,1
1994,2,6,0.000000,1
1994,3,1,,0
1994,3,2,0.000000,1
1994,3,3,23.438089,1
1994,3,4,20.217512,1
1994,3,5,4.785464,1
1994,3,6,68.816986,1
1994,4,1,54.439590,1
1994,4,2,,0
1994,4,3,,0
1994,4,4,,0
1994,4,5,,0
1994,4,6,,0
1994,5,1,22.524885,1
1994,5,2,28.645643,1
1994,5,3,34.030319,1
1994,5,4,45.965744,1
1994,5,5,42.592850,1
1994,5,6,48.395470,1
1994,6,1,30.278791,1
1994,6,2,2.932056,1
1994,6,3,19.766087,1
1994,6,4,24.462475,1
1994,6,5,33.030724,1
1994,6,6,26.670639,1
1994,7,1,40.229534,1
1994,7,2,15.076189,1
1994,7,3,1.456337,1
1994,7,4,20.988184,1
1994,7,5,31.022387,1
1994,7,6,24.791073,1
1994,8,1,15.880520,1
1994,8,2,40.859379,1
1994,8,3,28.800703,1
1994,8,4,14.257199,1
1994,8,5,38.009663,1
1994,8,6,37.630650,1
1994,9,1,18.892609,1
1994,9,2,3.355577,1
1994,9,3,16.450346,1
1994,9,4,13.746920,1
1994,9,5,52.512592,1
1994,9,6,38.269936,1
1994,10,1,19.421572,1
1994,10,2,25.089005,1
1994,10,3,55.913109,1
1994,10,4,36.638905,1
1994,10,5,84.214157,1
1994,10,6,29.434536,1
1994,11,1,53.849091,1
1994,11,2,38.617741,1
1994,11,3,27.520084,1
1994,11,4,11.616579,1
1994,11,5,58.728165,1
1994,11,6,9.679688,1
1994,12,1,23.460802,1
1994,12,2,30.146324,1
1994,12,3,18.776564,1
1994,12,4,,0
1994,12,5,25.180273,1
1994,12,6,0.736397,1
1995,1,1,2.512522,1
1995,1,2,0.138658,1
1995,1,3,0.000000,1
1995,1,4,13.650575,1
1995,1,5,11.122259,1
1995,1,6,0.000000,1
1995,2,1,6.070783,1
1995,2,2,3.162406,1
1995,2,3,0.083151,1
1995,2,4,7.999551,1
1995,2,5,8.403283,1
1995,2,6,4.189517,1
1995,3,1,,0
1995,3,2,,0
1995,3,3,,0
1995,3,4,39.719910,1
1995,3,5,58.045345,1
1995,3,6,12.743683,1
1995,4,1,8.917118,1
1995,4,2,35.289600,1
1995,4,3,45.901932,1
1995,4,4,34.388107,1
1995,4,5,21.594336,1
1995,4,6,62.432568,1
1995,5,1,59.207733,1
1995,5,2,26.454016,1
1995,5,3,63.468662,1
1995,5,4,21.500561,1
1995,5,5,28.502996,1
1995,5,6,54.133984,1
1995,6,1,62.990253,1
1995,6,2,44.257248,1
1995,6,3,30.542801,1
1995,6,4,21.023083,1
1995,6,5,28.916321,1
1995,6,6,29.164907,1
1995,7,1,33.149918,1
1995,7,2,23.092806,1
1995,7,3,25.003098,1
1995,7,4,40.754089,1
1995,7,5,53.167236,1
1995,7,6,58.793659,1
1995,8,1,51.873585,1
1995,8,2,21.336752,1
1995,8,3,22.862411,1
1995,8,4,82.861916,1
1995,8,5,53.662319,1
1995,8,6,32.140926,1
1995,9,1,1.363722,1
1995,9,2,35.292004,1
1995,9,3,28.816984,1
1995,9,4,26.267126,1
1995,9,5,35.695755,1
1995,9,6,22.889700,1
1995,10,1,13.576508,1
1995,10,2,53.656700,1
1995,10,3,56.962322,1
1995,10,4,70.937019,1
1995,10,5,16.791546,1
1995,10,6,,0
1995,11,1,0.000000,1
1995,11,2,15.222939,1
1995,11,3,23.520971,1
1995,11,4,31.718826,1
1995,11,5,30.656300,1
1995,11,6,2.494068,1
1995,12,1,48.947857,1
1995,12,2,28.429989,1
1995,12,3,37.648155,1
1995,12,4,53.865566,1
1995,12,5,22.918772,1
1995,12,6,0.990814,1
1996,1,1,0.000000,1
1996,1,2,0.312823,1
1996,1,3,39.008327,1
1996,1,4,44.133343,1
1996,1,5,0.000000,1
1996,1,6,14.236465,1
1996,2,1,0.000000,1
1996,2,2,0.000000,1
1996,2,3,18.411779,1
1996,2,4,48.213818,1
1996,2,5,20.914726,1
1996,2,6,52.806736,1
1996,3,1,45.499958,1
1996,3,2,47.648155,1
1996,3,3,36.642288,1
1996,3,4,15.007959,1
1996,3,5,41.352177,1
1996,3,6,27.261431,1
1996,4,1,25.869013,1
1996,4,2,27.753536,1
1996,4,3,33.256382,1
1996,4,4,20.938763,1
1996,4,5,27.662481,1
1996,4,6,53.479652,1
1996,5,1,9.566113,1
1996,5,2,74.756752,1
1996,5,3,60.148846,1
1996,5,4,48.687073,1
1996,5,5,31.544868,1
1996,5,6,77.208572,1
1996,6,1,58.879276,1
1996,6,2,0.000000,1
1996,6,3,28.264874,1
1996,6,4,17.161421,1
1996,6,5,43.573326,1
1996,6,6,60.536499,1
1996,7,1,64.313263,1
1996,7,2,57.551933,1
1996,7,3,12.286117,1
1996,7,4,22.494661,1
1996,7,5,13.703109,1
1996,7,6,30.228691,1
1996,8,1,30.884556,1
1996,8,2,33.825607,1
1996,8,3,13.847969,1
1996,8,4,35.301876,1
1996,8,5,67.309799,1
1996,8,6,54.799957,1
1996,9,1,44.035706,1
1996,9,2,10.981512,1
1996,9,3,6.822911,1
1996,9,4,41.533085,1
1996,9,5,18.372818,1
1996,9,6,55.275986,1
1996,10,1,43.760197,1
1996,10,2,37.926361,1
1996,10,3,48.341148,1
1996,10,4,49.114731,1
1996,10,5,26.057072,1
1996,10,6,30.477755,1
1996,11,1,17.664387,1
1996,11,2,33.782028,1
1996,11,3,67.995148,1
1996,11,4,0.000000,1
1996,11,5,0.000000,1
1996,11,6,29.166441,1
1996,12,1,17.452667,1
1996,12,2,30.582634,1
1996,12,3,19.243837,1
1996,12,4,9.378070,1
1996,12,5,0.026758,1
1996,12,6,19.894691,1
1997,1,1,0.000000,1
1997,1,2,0.656213,1
1997,1,3,0.000000,1
1997,1,4,0.000000,1
1997,1,5,38.335484,1
1997,1,6,30.879629,1
1997,2,1,30.257978,1
1997,2,2,19.090702,1
1997,2,3,43.487762,1
1997,2,4,32.880287,1
1997,2,5,5.260958,1
1997,2,6,4.388491,1
1997,3,1,5.675611,1
1997,3,2,4.818990,1
1997,3,3,12.306015,1
1997,3,4,44.051846,1
1997,3,5,0.000000,1
1997,3,6,41.337112,1
1997,4,1,20.095907,1
1997,4,2,44.665733,1
1997,4,3,13.851332,1
1997,4,4,62.436527,1
1997,4,5,62.133877,1
1997,4,6,2.126576,1
1997,5,1,11.273165,1
1997,5,2,37.593414,1
1997,5,3,18.457260,1
1997,5,4,8.225280,1
1997,5,5,26.558910,1
1997,5,6,40.237591,1
1997,6,1,64.483192,1
1997,6,2,38.034489,1
1997,6,3,70.535667,1
1997,6,4,37.402107,1
1997,6,5,17.388178,1
1997,6,6,13.753136,1
1997,7,1,9.382441,1
1997,7,2,20.257807,1
1997,7,3,0.000000,1
1997,7,4,2.276215,1
1997,7,5,7.014153,1
1997,7,6,32.278034,1
1997,8,1,5.697612,1
1997,8,2,11.982134,1
1997,8,3,14.907349,1
1997,8,4,28.403206,1
1997,8,5,10.584724,1
1997,8,6,7.066761,1
1997,9,1,20.590786,1
1997,9,2,50.883160,1
1997,9,3,6.667273,1
1997,9,4,22.775871,1
1997,9,5,48.357468,1
1997,9,6,9.081601,1
1997,10,1,42.526634,1
1997,10,2,22.982431,1
1997,10,3,11.050159,1
1997,10,4,34.463871,1
1997,10,5,28.725927,1
1997,10,6,22.376482,1
1997,11,1,24.137995,1
1997,11,2,76.966675,1
1997,11,3,0.000000,1
1997,11,4,36.770782,1
1997,11,5,10.257241,1
1997,11,6,30.825012,1
1997,12,1,29.711626,1
1997,12,2,0.000000,1
1997,12,3,0.000000,1
1997,12,4,1.521146,1
1997,12,5,0.157857,1
1997,12,6,1.716187,1
1998,1,1,0.000000,1
1998,1,2,18.369720,1
1998,1,3,0.000000,1
1998,1,4,0.000000,1
1998,1,5,0.000000,1
1998,1,6,0.000000,1
1998,2,1,10.333349,1
1998,2,2,31.674629,1
1998,2,3,15.945645,1
1998,2,4,0.643147,1
1998,2,5,15.182476,1
1998,2,6,7.300042,1
1998,3,1,8.783637,1
1998,3,2,19.357027,1
1998,3,3,6.408885,1
1998,3,4,7.141499,1
1998,3,5,40.750027,1
1998,3,6,51.077835,1
1998,4,1,13.606654,1
1998,4,2,14.731398,1
1998,4,3,36.470737,1
1998,4,4,24.667839,1
1998,4,5,57.495792,1
1998,4,6,48.264359,1
1998,5,1,58.629116,1
1998,5,2,13.107510,1
1998,5,3,37.411968,1
1998,5,4,31.118370,1
1998,5,5,38.771946,1
1998,5,6,120.429260,1
1998,6,1,23.622965,1
1998,6,2,28.105022,1
1998,6,3,25.353796,1
1998,6,4,37.864368,1
1998,6,5,28.943104,1
1998,6,6,9.785426,1
1998,7,1,48.831398,1
1998,7,2,66.047340,1
1998,7,3,20.135859,1
1998,7,4,33.517483,1
1998,7,5,24.538734,1
1998,7,6,30.725380,1
1998,8,1,28.044607,1
1998,8,2,39.590828,1
1998,8,3,30.309818,1
1998,8,4,34.251682,1
1998,8,5,21.705414,1
1998,8,6,36.453197,1
1998,9,1,99.767502,1
1998,9,2,41.686924,1
1998,9,3,37.030457,1
1998,9,4,23.849977,1
1998,9,5,64.526688,1
1998,9,6,34.503788,1
1998,10,1,57.367046,1
1998,10,2,50.106960,1
1998,10,3,50.324032,1
1998,10,4,51.927429,1
1998,10,5,45.684994,1
1998,10,6,1.496476,1
1998,11,1,27.223072,1
1998,11,2,14.141619,1
1998,11,3,46.815044,1
1998,11,4,20.590193,1
1998,11,5,44.404060,1
1998,11,6,27.103079,1
1998,12,1,63.845234,1
1998,12,2,32.626453,1
1998,12,3,15.494760,1
1998,12,4,32.797516,1
1998,12,5,23.373499,1
1998,12,6,35.499989,1
1999,1,1,0.000000,1
1999,1,2,51.345249,1
1999,1,3,0.000000,1
1999,1,4,0.000000,1
1999,1,5,22.447079,1
1999,1,6,26.214254,1
1999,2,1,16.436731,1
1999,2,2,45.077301,1
1999,2,3,48.965141,1
1999,2,4,81.894753,1
1999,2,5,52.556011,1
1999,2,6,24.783268,1
1999,3,1,18.340626,1
1999,3,2,31.081589,1
1999,3,3,55.163979,1
1999,3,4,31.556004,1
1999,3,5,14.404390,1
1999,3,6,40.065380,1
1999,4,1,32.646667,1
1999,4,2,37.744965,1
1999,4,3,37.091549,1
1999,4,4,0.000000,1
1999,4,5,80.710732,1
1999,4,6,58.246578,1
1999,5,1,62.650562,1
1999,5,2,63.078377,1
1999,5,3,63.270813,1
1999,5,4,15.732867,1
1999,5,5,25.667770,1
1999,5,6,30.097309,1
1999,6,1,48.097775,1
1999,6,2,40.790703,1
1999,6,3,41.740013,1
1999,6,4,23.857506,1
1999,6,5,17.410612,1
1999,6,6,61.740669,1
1999,7,1,15.606659,1
1999,7,2,28.479403,1
1999,7,3,20.982059,1
1999,7,4,38.055859,1
1999,7,5,12.765628,1
1999,7,6,15.470146,1
1999,8,1,21.285097,1
1999,8,2,11.082593,1
1999,8,3,53.292358,1
1999,8,4,15.813607,1
1999,8,5,18.363941,1
1999,8,6,28.213608,1
1999,9,1,54.586697,1
1999,9,2,63.535271,1
1999,9,3,72.230515,1
1999,9,4,13.654030,1
1999,9,5,88.167992,1
1999,9,6,41.322186,1
1999,10,1,36.361477,1
1999,10,2,55.623306,1
1999,10,3,61.246925,1
1999,10,4,26.273310,1
1999,10,5,63.395523,1
1999,10,6,70.466919,1
1999,11,1,13.560918,1
1999,11,2,32.635696,1
1999,11,3,76.663155,1
1999,11,4,25.610773,1
1999,11,5,51.562771,1
1999,11,6,4.829906,1
1999,12,1,0.000000,1
1999,12,2,10.716796,1
1999,12,3,111.473427,1
1999,12,4,101.325264,1
1999,12,5,0.287540,1
1999,12,6,0.879812,1
2000,1,1,0.000000,1
2000,1,2,0.737117,1
2000,1,3,0.000000,1
2000,1,4,0.000000,1
2000,1,5,0.000000,1
2000,1,6,49.122105,1
2000,2,1,18.263451,1
2000,2,2,0.000000,1
2000,2,3,3.037892,1
2000,2,4,40.504082,1
2000,2,5,18.790968,1
2000,2,6,23.716654,1
2000,3,1,31.031826,1
2000,3,2,21.479418,1
2000,3,3,31.354874,1
2000,3,4,6.033305,1
2000,3,5,22.618235,1
2000,3,6,29.456314,1
2000,4,1,17.137144,1
2000,4,2,39.010853,1
2000,4,3,46.429211,1
2000,4,4,44.479626,1
2000,4,5,40.383080,1
2000,4,6,17.948704,1
2000,5,1,53.273235,1
2000,5,2,36.704449,1
2000,5,3,74.851837,1
2000,5,4,74.902557,1
2000,5,5,48.519604,1
2000,5,6,56.156784,1
2000,6,1,46.197197,1
2000,6,2,47.108437,1
2000,6,3,48.553196,1
2000,6,4,47.985401,1
2000,6,5,72.557831,1
2000,6,6,21.270365,1
2000,7,1,38.846073,1
2000,7,2,27.301842,1
2000,7,3,29.906797,1
2000,7,4,47.615639,1
2000,7,5,32.762882,1
2000,7,6,58.244564,1
2000,8,1,72.630737,1
2000,8,2,31.489918,1
2000,8,3,19.141922,1
2000,8,4,8.323054,1
2000,8,5,25.285349,1
2000,8,6,41.484558,1
2000,9,1,88.671242,1
2000,9,2,65.728439,1
2000,9,3,21.214254,1
2000,9,4,33.276379,1
2000,9,5,36.056805,1
2000,9,6,60.655033,1
2000,10,1,58.853844,1
2000,10,2,8.171309,1
2000,10,3,5.213039,1
2000,10,4,22.316645,1
2000,10,5,72.328957,1
2000,10,6,70.250343,1
2000,11,1,37.231270,1
2000,11,2,20.951481,1
2000,11,3,15.160483,1
2000,11,4,22.105268,1
2000,11,5,1.414081,1
2000,11,6,15.645507,1
2000,12,1,5.688575,1
2000,12,2,18.996956,1
2000,12,3,35.780979,1
2000,12,4,36.353958,1
2000,12,5,12.000754,1
2000,12,6,44.839973,1
2001,1,1,0.000000,1
2001,1,2,5.988787,1
2001,1,3,0.000000,1
2001,1,4,42.158073,1
2001,1,5,17.535246,1
2001,1,6,3.438945,1
2001,2,1,10.823298,1
2001,2,2,5.362565,1
2001,2,3,6.871208,1
2001,2,4,16.538128,1
2001,2,5,15.947364,1
2001,2,6,0.000000,1
2001,3,1,23.000765,1
2001,3,2,18.754187,1
2001,3,3,15.279944,1
2001,3,4,57.335102,1
2001,3,5,22.014265,1
2001,3,6,28.373741,1
2001,4,1,11.557524,1
2001,4,2,9.647552,1
2001,4,3,37.526920,1
2001,4,4,27.077400,1
2001,4,5,16.339258,1
2001,4,6,14.187998,1
2001,5,1,26.693800,1
2001,5,2,39.191723,1
2001,5,3,45.020554,1
2001,5,4,33.796593,1
2001,5,5,34.521095,1
2001,5,6,29.036125,1
2001,6,1,45.023262,1
2001,6,2,23.337555,1
2001,6,3,24.570307,1
2001,6,4,29.759834,1
2001,6,5,3.190835,1
2001,6,6,5.832206,1
2001,7,1,3.792497,1
2001,7,2,46.598835,1
2001,7,3,42.471241,1
2001,7,4,44.883999,1
2001,7,5,24.741310,1
2001,7,6,33.290291,1
2001,8,1,12.505694,1
2001,8,2,1.345968,1
2001,8,3,1.878039,1
2001,8,4,0.176640,1
2001,8,5,21.146866,1
2001,8,6,10.668654,1
2001,9,1,23.507421,1
2001,9,2,36.931255,1
2001,9,3,64.789490,1
2001,9,4,40.559303,1
2001,9,5,40.316048,1
2001,9,6,19.245020,1
2001,10,1,22.111485,1
2001,10,2,45.640335,1
2001,10,3,27.083055,1
2001,10,4,44.580315,1
2001,10,5,40.484657,1
2001,10,6,80.684906,1
2001,11,1,20.359709,1
2001,11,2,10.617003,1
2001,11,3,56.136402,1
2001,11,4,48.505779,1
2001,11,5,16.097099,1
2001,11,6,22.789339,1
2001,12,1,17.560234,1
2001,12,2,35.997482,1
2001,12,3,38.548977,1
2001,12,4,18.515348,1
2001,12,5,18.240559,1
2001,12,6,29.475622,1
2002,1,1,0.000000,1
2002,1,2,16.714407,1
2002,1,3,0.000000,1
2002,1,4,0.000000,1
2002,1,5,7.868982,1
2002,1,6,10.831127,1
2002,2,1,31.461960,1
2002,2,2,0.000000,1
2002,2,3,6.955580,1
2002,2,4,1.548156,1
2002,2,5,31.804491,1
2002,2,6,0.000000,1
2002,3,1,0.985541,1
2002,3,2,4.651322,1
2002,3,3,27.487619,1
2002,3,4,61.982460,1
2002,3,5,38.753189,1
2002,3,6,18.294685,1
2002,4,1,25.992119,1
2002,4,2,51.000813,1
2002,4,3,63.486729,1
2002,4,4,59.710331,1
2002,4,5,54.601284,1
2002,4,6,56.577030,1
2002,5,1,13.678622,1
2002,5,2,18.511389,1
2002,5,3,27.496376,1
2002,5,4,65.347931,1
2002,5,5,79.896454,1
2002,5,6,37.770775,1
2002,6,1,52.767563,1
2002,6,2,65.805412,1
2002,6,3,17.268158,1
2002,6,4,4.848686,1
2002,6,5,1.307868,1
2002,6,6,12.374339,1
2002,7,1,13.973991,1
2002,7,2,9.348956,1
2002,7,3,8.988751,1
2002,7,4,41.518456,1
2002,7,5,38.106335,1
2002,7,6,7.203135,1
2002,8,1,14.461400,1
2002,8,2,18.687489,1
2002,8,3,1.201527,1
2002,8,4,6.011565,1
2002,8,5,13.785546,1
2002,8,6,46.809269,1
2002,9,1,24.537956,1
2002,9,2,11.328679,1
2002,9,3,20.760105,1
2002,9,4,35.035034,1
2002,9,5,36.576347,1
2002,9,6,31.379934,1
2002,10,1,9.244900,1
2002,10,2,30.958389,1
2002,10,3,26.457926,1
2002,10,4,50.794308,1
2002,10,5,72.939537,1
2002,10,6,80.156502,1
2002,11,1,43.067959,1
2002,11,2,46.896702,1
2002,11,3,6.390144,1
2002,11,4,10.291682,1
2002,11,5,5.838244,1
2002,11,6,16.061251,1
2002,12,1,31.487772,1
2002,12,2,27.653929,1
2002,12,3,35.209129,1
2002,12,4,53.923847,1
2002,12,5,0.056349,1
2002,12,6,0.918815,1
2003,1,1,8.173684,1
2003,1,2,0.146286,1
2003,1,3,4.012390,1
2003,1,4,0.000000,1
2003,1,5,0.000000,1
2003,1,6,0.000000,1
2003,2,1,0.000000,1
2003,2,2,30.516260,1
2003,2,3,20.555826,1
2003,2,4,22.817768,1
2003,2,5,19.481508,1
2003,2,6,8.504208,1
2003,3,1,4.299449,1
2003,3,2,0.000000,1
2003,3,3,46.730186,1
2003,3,4,52.943531,1
2003,3,5,27.592836,1
2003,3,6,25.513346,1
2003,4,1,8.491239,1
2003,4,2,30.047190,1
2003,4,3,62.722942,1
2003,4,4,22.996862,1
2003,4,5,47.839993,1
2003,4,6,30.856184,1
2003,5,1,21.690918,1
2003,5,2,52.841084,1
2003,5,3,15.635597,1
2003,5,4,44.090778,1
2003,5,5,52.787178,1
2003,5,6,43.135994,1
2003,6,1,57.881172,1
2003,6,2,27.028086,1
2003,6,3,61.950619,1
2003,6,4,63.378246,1
2003,6,5,28.694771,1
2003,6,6,11.105505,1
2003,7,1,23.431583,1
2003,7,2,31.039299,1
2003,7,3,15.834388,1
2003,7,4,4.722570,1
2003,7,5,9.860210,1
2003,7,6,30.708439,1
2003,8,1,39.439529,1
2003,8,2,11.062590,1
2003,8,3,12.845029,1
2003,8,4,30.137877,1
2003,8,5,34.936958,1
2003,8,6,34.516483,1
2003,9,1,23.988729,1
2003,9,2,47.677483,1
2003,9,3,13.624406,1
2003,9,4,25.183994,1
2003,9,5,44.703194,1
2003,9,6,43.736073,1
2003,10,1,39.731113,1
2003,10,2,37.577393,1
2003,10,3,50.384220,1
2003,10,4,56.120037,1
2003,10,5,35.312317,1
2003,10,6,64.859947,1
2003,11,1,9.843965,1
2003,11,2,59.492744,1
2003,11,3,50.441032,1
2003,11,4,16.500492,1
2003,11,5,33.775818,1
2003,11,6,28.108206,1
2003,12,1,61.473240,1
2003,12,2,0.950130,1
2003,12,3,19.904945,1
2003,12,4,14.007495,1
2003,12,5,18.951557,1
2003,12,6,15.480194,1
2004,1,1,19.476784,1
2004,1,2,67.715096,1
2004,1,3,6.654691,1
2004,1,4,0.000000,1
2004,1,5,0.000000,1
2004,1,6,0.000000,1
2004,2,1,0.000000,1
2004,2,2,2.747166,1
2004,2,3,12.965838,1
2004,2,4,21.969395,1
2004,2,5,46.142910,1
2004,2,6,16.923185,1
2004,3,1,31.610979,1
2004,3,2,29.973379,1
2004,3,3,6.939836,1
2004,3,4,5.422310,1
2004,3,5,29.647905,1
2004,3,6,17.703825,1
2004,4,1,24.669201,1
2004,4,2,6.645350,1
2004,4,3,60.300152,1
2004,4,4,53.222973,1
2004,4,5,55.573700,1
2004,4,6,33.936050,1
2004,5,1,72.015442,1
2004,5,2,35.901539,1
2004,5,3,26.547243,1
2004,5,4,68.184456,1
2004,5,5,45.170601,1
2004,5,6,59.772583,1
2004,6,1,48.354572,1
2004,6,2,11.013816,1
2004,6,3,1.338578,1
2004,6,4,8.679177,1
2004,6,5,4.167274,1
2004,6,6,24.772459,1
2004,7,1,35.871941,1
2004,7,2,49.492561,1
2004,7,3,57.074673,1
2004,7,4,58.944149,1
2004,7,5,44.731277,1
2004,7,6,26.745071,1
2004,8,1,10.039466,1
2004,8,2,3.515373,1
2004,8,3,2.481914,1
2004,8,4,58.699848,1
2004,8,5,27.405752,1
2004,8,6,48.725468,1
2004,9,1,37.960567,1
2004,9,2,45.743122,1
2004,9,3,45.663307,1
2004,9,4,39.506775,1
2004,9,5,30.402283,1
2004,9,6,49.262527,1
2004,10,1,37.461586,1
2004,10,2,41.260975,1
2004,10,3,32.098614,1
2004,10,4,78.017471,1
2004,10,5,38.657120,1
2004,10,6,80.435814,1
2004,11,1,50.089962,1
2004,11,2,62.604691,1
2004,11,3,14.793388,1
2004,11,4,94.006401,1
2004,11,5,28.123419,1
2004,11,6,16.275177,1
2004,12,1,20.128735,1
2004,12,2,27.879065,1
2004,12,3,28.457510,1
2004,12,4,4.082769,1
2004,12,5,10.414883,1
2004,12,6,0.904715,1
2005,1,1,16.442879,1
2005,1,2,22.693394,1
2005,1,3,43.777725,1
2005,1,4,0.000000,1
2005,1,5,0.000000,1
2005,1,6,7.147087,1
2005,2,1,10.389937,1
2005,2,2,12.888031,1
2005,2,3,11.528807,1
2005,2,4,1.829092,1
2005,2,5,0.000000,1
2005,2,6,0.000000,1
2005,3,1,8.963439,1
2005,3,2,1.409741,1
2005,3,3,0.000000,1
2005,3,4,65.256119,1
2005,3,5,11.373794,1
2005,3,6,20.663723,1
2005,4,1,21.191959,1
2005,4,2,39.658760,1
2005,4,3,36.601021,1
2005,4,4,36.624390,1
2005,4,5,41.653778,1
2005,4,6,24.855513,1
2005,5,1,78.842255,1
2005,5,2,46.376785,1
2005,5,3,73.545647,1
2005,5,4,81.617386,1
2005,5,5,42.560284,1
2005,5,6,17.968504,1
2005,6,1,46.209431,1
2005,6,2,66.814018,1
2005,6,3,26.311693,1
2005,6,4,8.631371,1
2005,6,5,8.986989,1
2005,6,6,34.185421,1
2005,7,1,36.797455,1
2005,7,2,33.197731,1
2005,7,3,36.104458,1
2005,7,4,30.107861,1
2005,7,5,5.142907,1
2005,7,6,6.647229,1
2005,8,1,14.186619,1
2005,8,2,15.084401,1
2005,8,3,29.210936,1
2005,8,4,33.333126,1
2005,8,5,20.412073,1
2005,8,6,24.621943,1
2005,9,1,32.425098,1
2005,9,2,24.011694,1
2005,9,3,15.405086,1
2005,9,4,7.853137,1
2005,9,5,45.183006,1
2005,9,6,54.384754,1
2005,10,1,39.299057,1
2005,10,2,55.091419,1
2005,10,3,56.639393,1
2005,10,4,55.540539,1
2005,10,5,72.117561,1
2005,10,6,49.890953,1
2005,11,1,28.787413,1
2005,11,2,58.844395,1
2005,11,3,55.925167,1
2005,11,4,23.632448,1
2005,11,5,35.958607,1
2005,11,6,1.427847,1
2005,12,1,14.690436,1
2005,12,2,0.000000,1
2005,12,3,33.090717,1
2005,12,4,8.466008,1
2005,12,5,55.507004,1
2005,12,6,0.793987,1
2006,1,1,5.767691,1
2006,1,2,28.990154,1
2006,1,3,12.646166,1
2006,1,4,0.000000,1
2006,1,5,9.101142,1
2006,1,6,33.255169,1
2006,2,1,49.704544,1
2006,2,2,3.946373,1
2006,2,3,0.105786,1
2006,2,4,3.083979,1
2006,2,5,3.208048,1
2006,2,6,7.406005,1
2006,3,1,2.663346,1
2006,3,2,59.552811,1
2006,3,3,24.236830,1
2006,3,4,28.723871,1
2006,3,5,76.275818,1
2006,3,6,20.416756,1
2006,4,1,38.987038,1
2006,4,2,69.706779,1
2006,4,3,63.100296,1
2006,4,4,44.709934,1
2006,4,5,34.922977,1
2006,4,6,86.706848,1
2006,5,1,108.536331,1
2006,5,2,59.142689,1
2006,5,3,42.855469,1
2006,5,4,72.540031,1
2006,5,5,5.857451,1
2006,5,6,23.585527,1
2006,6,1,71.438530,1
2006,6,2,39.034210,1
2006,6,3,24.886415,1
2006,6,4,16.180948,1
2006,6,5,13.095156,1
2006,6,6,7.655938,1
2006,7,1,3.853110,1
2006,7,2,2.339634,1
2006,7,3,26.995115,1
2006,7,4,10.541212,1
2006,7,5,22.441025,1
2006,7,6,46.912296,1
2006,8,1,4.513294,1
2006,8,2,11.735107,1
2006,8,3,17.206070,1
2006,8,4,62.350311,1
2006,8,5,37.430428,1
2006,8,6,40.857082,1
2006,9,1,28.906523,1
2006,9,2,75.538727,1
2006,9,3,34.396931,1
2006,9,4,24.637747,1
2006,9,5,36.612190,1
2006,9,6,13.093431,1
2006,10,1,17.482655,1
2006,10,2,23.065474,1
2006,10,3,70.726250,1
2006,10,4,28.910986,1
2006,10,5,50.420998,1
2006,10,6,61.526733,1
2006,11,1,10.782577,1
2006,11,2,27.154165,1
2006,11,3,98.192657,1
2006,11,4,40.522167,1
2006,11,5,58.540623,1
2006,11,6,11.020947,1
2006,12,1,11.925466,1
2006,12,2,14.569293,1
2006,12,3,36.686131,1
2006,12,4,17.045328,1
2006,12,5,19.813669,1
2006,12,6,22.643698,1
2007,1,1,2.607447,1
2007,1,2,14.029870,1
2007,1,3,4.608805,1
2007,1,4,9.946056,1
2007,1,5,7.094168,1
2007,1,6,12.682418,1
2007,2,1,0.000000,1
2007,2,2,0.000000,1
2007,2,3,0.117491,1
2007,2,4,1.822128,1
2007,2,5,0.000000,1
2007,2,6,2.058900,1
2007,3,1,12.464312,1
2007,3,2,24.195692,1
2007,3,3,22.027971,1
2007,3,4,31.788250,1
2007,3,5,41.076679,1
2007,3,6,47.060566,1
2007,4,1,92.960121,1
2007,4,2,75.008293,1
2007,4,3,3.527712,1
2007,4,4,35.429016,1
2007,4,5,58.889019,1
2007,4,6,20.344694,1
2007,5,1,31.803572,1
2007,5,2,52.907322,1
2007,5,3,17.345665,1
2007,5,4,94.269096,1
2007,5,5,87.257027,1
2007,5,6,65.744904,1
2007,6,1,57.129025,1
2007,6,2,12.467661,1
2007,6,3,0.000000,1
2007,6,4,13.522801,1
2007,6,5,0.000000,1
2007,6,6,9.703249,1
2007,7,1,0.039917,1
2007,7,2,34.883858,1
2007,7,3,21.213675,1
2007,7,4,56.692272,1
2007,7,5,48.689976,1
2007,7,6,24.703728,1
2007,8,1,19.801409,1
2007,8,2,24.024389,1
2007,8,3,38.487621,1
2007,8,4,58.130524,1
2007,8,5,49.057297,1
2007,8,6,63.317738,1
2007,9,1,21.114716,1
2007,9,2,30.074938,1
2007,9,3,29.099684,1
2007,9,4,46.172222,1
2007,9,5,45.839439,1
2007,9,6,34.224953,1
2007,10,1,47.750320,1
2007,10,2,81.314949,1
2007,10,3,36.319874,1
2007,10,4,71.670692,1
2007,10,5,49.846832,1
2007,10,6,74.232735,1
2007,11,1,28.247320,1
2007,11,2,35.916260,1
2007,11,3,15.546286,1
2007,11,4,18.492081,1
2007,11,5,29.878706,1
2007,11,6,13.488354,1
2007,12,1,0.000000,1
2007,12,2,0.000000,1
2007,12,3,0.000000,1
2007,12,4,8.823291,1
2007,12,5,71.085320,1
2007,12,6,30.589254,1
2008,1,1,0.000000,1
2008,1,2,68.806290,1
2008,1,3,0.000000,1
2008,1,4,0.000000,1
2008,1,5,11.197248,1
2008,1,6,3.109259,1
2008,2,1,0.000000,1
2008,2,2,0.000000,1
2008,2,3,16.582390,1
2008,2,4,120.935738,1
2008,2,5,16.231005,1
2008,2,6,8.886779,1
2008,3,1,48.225441,1
2008,3,2,29.594114,1
2008,3,3,53.895447,1
2008,3,4,10.277597,1
2008,3,5,32.070522,1
2008,3,6,49.135971,1
2008,4,1,13.409340,1
2008,4,2,38.357651,1
2008,4,3,21.879986,1
2008,4,4,10.919232,1
2008,4,5,63.142097,1
2008,4,6,58.609802,1
2008,5,1,99.751083,1
2008,5,2,7.572682,1
2008,5,3,21.334660,1
2008,5,4,95.095993,1
2008,5,5,80.952988,1
2008,5,6,54.975662,1
2008,6,1,40.709900,1
2008,6,2,63.575119,1
2008,6,3,35.725948,1
2008,6,4,9.645704,1
2008,6,5,65.105965,1
2008,6,6,26.983318,1
2008,7,1,69.944412,1
2008,7,2,39.132656,1
2008,7,3,56.398491,1
2008,7,4,44.814003,1
2008,7,5,15.433936,1
2008,7,6,66.252647,1
2008,8,1,26.225004,1
2008,8,2,25.831291,1
2008,8,3,57.929424,1
2008,8,4,65.371544,1
2008,8,5,69.831230,1
2008,8,6,97.854218,1
2008,9,1,51.237335,1
2008,9,2,14.320270,1
2008,9,3,27.139629,1
2008,9,4,38.765907,1
2008,9,5,43.503006,1
2008,9,6,64.119102,1
2008,10,1,41.654652,1
2008,10,2,61.273888,1
2008,10,3,64.171089,1
2008,10,4,62.700397,1
2008,10,5,17.635994,1
2008,10,6,43.459866,1
2008,11,1,51.264687,1
2008,11,2,5.546134,1
2008,11,3,30.419113,1
2008,11,4,62.554321,1
2008,11,5,69.184959,1
2008,11,6,39.795849,1
2008,12,1,0.000000,1
2008,12,2,27.716232,1
2008,12,3,34.281933,1
2008,12,4,6.113121,1
2008,12,5,0.160434,1
2008,12,6,4.685269,1
2009,1,1,18.922850,1
2009,1,2,11.794721,1
2009,1,3,14.387883,1
2009,1,4,27.541924,1
2009,1,5,19.121092,1
2009,1,6,19.984806,1
2009,2,1,7.865713,1
2009,2,2,28.671215,1
2009,2,3,38.184643,1
2009,2,4,19.837080,1
2009,2,5,10.648582,1
2009,2,6,9.429931,1
2009,3,1,35.382847,1
2009,3,2,30.264418,1
2009,3,3,12.363925,1
2009,3,4,28.054325,1
2009,3,5,55.215786,1
2009,3,6,38.564407,1
2009,4,1,52.485115,1
2009,4,2,19.861958,1
2009,4,3,33.795677,1
2009,4,4,30.155647,1
2009,4,5,22.800821,1
2009,4,6,46.285801,1
2009,5,1,74.452873,1
2009,5,2,46.993019,1
2009,5,3,36.909458,1
2009,5,4,21.528057,1
2009,5,5,17.835033,1
2009,5,6,12.362821,1
2009,6,1,25.012743,1
2009,6,2,44.907688,1
2009,6,3,46.182110,1
2009,6,4,26.863020,1
2009,6,5,45.220928,1
2009,6,6,22.460732,1
2009,7,1,31.639139,1
2009,7,2,38.148529,1
2009,7,3,3.267297,1
2009,7,4,13.148324,1
2009,7,5,21.697454,1
2009,7,6,2.923383,1
2009,8,1,15.824028,1
2009,8,2,31.002739,1
2009,8,3,30.662798,1
2009,8,4,40.101067,1
2009,8,5,34.962090,1
2009,8,6,29.184332,1
2009,9,1,7.457162,1
2009,9,2,12.946967,1
2009,9,3,37.333664,1
2009,9,4,34.486031,1
2009,9,5,7.619182,1
2009,9,6,0.000000,1
2009,10,1,45.926384,1
2009,10,2,16.467360,1
2009,10,3,73.386475,1
2009,10,4,41.921410,1
2009,10,5,38.014568,1
2009,10,6,37.779423,1
2009,11,1,72.645584,1
2009,11,2,40.827187,1
2009,11,3,2.545701,1
2009,11,4,28.324482,1
2009,11,5,4.472028,1
2009,11,6,20.290598,1
2009,12,1,0.000000,1
2009,12,2,0.000000,1
2009,12,3,0.000000,1
2009,12,4,54.911922,1
2009,12,5,28.024803,1
2009,12,6,0.551521,1
2010,1,1,0.000000,1
2010,1,2,0.347713,1
2010,1,3,0.000000,1
2010,1,4,0.000000,1
2010,1,5,17.075468,1
2010,1,6,16.573807,1
2010,2,1,0.000000,1
2010,2,2,3.305351,1
2010,2,3,7.981726,1
2010,2,4,5.188969,1
2010,2,5,32.425800,1
2010,2,6,2.884134,1
2010,3,1,23.140329,1
2010,3,2,13.089650,1
2010,3,3,7.908045,1
2010,3,4,24.574570,1
2010,3,5,0.000000,1
2010,3,6,30.110121,1
2010,4,1,75.619499,1
2010,4,2,55.251064,1
2010,4,3,42.504940,1
2010,4,4,15.066614,1
2010,4,5,22.275356,1
2010,4,6,52.531128,1
2010,5,1,42.072407,1
2010,5,2,46.387806,1
2010,5,3,32.174023,1
2010,5,4,52.791740,1
2010,5,5,51.394482,1
2010,5,6,58.661575,1
2010,6,1,41.479759,1
2010,6,2,24.725069,1
2010,6,3,54.037144,1
2010,6,4,62.054432,1
2010,6,5,37.703114,1
2010,6,6,34.240025,1
2010,7,1,44.940437,1
2010,7,2,36.309250,1
2010,7,3,65.115059,1
2010,7,4,71.670799,1
2010,7,5,31.369843,1
2010,7,6,50.203636,1
2010,8,1,35.729088,1
2010,8,2,12.138638,1
2010,8,3,15.193437,1
2010,8,4,51.821217,1
2010,8,5,29.211897,1
2010,8,6,87.735733,1
2010,9,1,63.556889,1
2010,9,2,52.267731,1
2010,9,3,47.145348,1
2010,9,4,75.905304,1
2010,9,5,70.739227,1
2010,9,6,64.743584,1
2010,10,1,97.178162,1
2010,10,2,45.757195,1
2010,10,3,14.609118,1
2010,10,4,38.384838,1
2010,10,5,26.675150,1
2010,10,6,88.113228,1
2010,11,1,61.759476,1
2010,11,2,60.681049,1
2010,11,3,94.819687,1
2010,11,4,19.856705,1
2010,11,5,35.083591,1
2010,11,6,67.454308,1
2010,12,1,76.942459,1
2010,12,2,0.000000,1
2010,12,3,56.394257,1
2010,12,4,31.797802,1
2010,12,5,0.231881,1
2010,12,6,16.347158,1
2011,1,1,17.730595,1
2011,1,2,16.790083,1
2011,1,3,3.603786,1
2011,1,4,6.434472,1
2011,1,5,0.000000,1
2011,1,6,17.728363,1
2011,2,1,0.000000,1
2011,2,2,64.237694,1
2011,2,3,31.973949,1
2011,2,4,45.707294,1
2011,2,5,5.329032,1
2011,2,6,24.317253,1
2011,3,1,19.361429,1
2011,3,2,59.402714,1
2011,3,3,0.000000,1
2011,3,4,54.083847,1
2011,3,5,90.579636,1
2011,3,6,21.071827,1
2011,4,1,51.836555,1
2011,4,2,88.408951,1
2011,4,3,92.899689,1
2011,4,4,86.461632,1
2011,4,5,90.981537,1
2011,4,6,85.032471,1
2011,5,1,22.845831,1
2011,5,2,18.762552,1
2011,5,3,70.418411,1
2011,5,4,13.201317,1
2011,5,5,67.822624,1
2011,5,6,29.590979,1
2011,6,1,74.784966,1
2011,6,2,17.156582,1
2011,6,3,5.816916,1
2011,6,4,38.235085,1
2011,6,5,67.418236,1
2011,6,6,32.853329,1
2011,7,1,30.987930,1
2011,7,2,0.000000,1
2011,7,3,77.297096,1
2011,7,4,32.392273,1
2011,7,5,3.623311,1
2011,7,6,58.254086,1
2011,8,1,39.012165,1
2011,8,2,1.763961,1
2011,8,3,29.062241,1
2011,8,4,54.029152,1
2011,8,5,42.218624,1
2011,8,6,19.408976,1
2011,9,1,2.625342,1
2011,9,2,60.501118,1
2011,9,3,30.262970,1
2011,9,4,55.613026,1
2011,9,5,34.667614,1
2011,9,6,13.785836,1
2011,10,1,41.663643,1
2011,10,2,69.689278,1
2011,10,3,77.006241,1
2011,10,4,51.540905,1
2011,10,5,10.170177,1
2011,10,6,77.203186,1
2011,11,1,29.822994,1
2011,11,2,35.130722,1
2011,11,3,44.426098,1
2011,11,4,37.062683,1
2011,11,5,47.828762,1
2011,11,6,59.729755,1
2011,12,1,2.558116,1
2011,12,2,55.920029,1
2011,12,3,45.663055,1
2011,12,4,50.755280,1
2011,12,5,11.218735,1
2011,12,6,20.577450,1
2012,1,1,34.250481,1
2012,1,2,0.114985,1
2012,1,3,10.022569,1
2012,1,4,33.725758,1
2012,1,5,21.256359,1
2012,1,6,9.016378,1
2012,2,1,5.138283,1
2012,2,2,25.272530,1
2012,2,3,2.586498,1
2012,2,4,0.800481,1
2012,2,5,6.294540,1
2012,2,6,19.899939,1
2012,3,1,27.694462,1
2012,3,2,26.707035,1
2012,3,3,16.934362,1
2012,3,4,57.044540,1
2012,3,5,19.737881,1
2012,3,6,26.674025,1
2012,4,1,52.518425,1
2012,4,2,74.307480,1
2012,4,3,63.490349,1
2012,4,4,55.216770,1
2012,4,5,37.202496,1
2012,4,6,71.024139,1
2012,5,1,84.556427,1
2012,5,2,41.281242,1
2012,5,3,29.959984,1
2012,5,4,35.593479,1
2012,5,5,51.948238,1
2012,5,6,12.151801,1
2012,6,1,9.203519,1
2012,6,2,2.485655,1
2012,6,3,34.975880,1
2012,6,4,29.544020,1
2012,6,5,5.707833,1
2012,6,6,27.817398,1
2012,7,1,27.501007,1
2012,7,2,10.046195,1
2012,7,3,44.046719,1
2012,7,4,6.391357,1
2012,7,5,6.913674,1
2012,7,6,17.565844,1
2012,8,1,28.899693,1
2012,8,2,14.974424,1
2012,8,3,47.323231,1
2012,8,4,45.254223,1
2012,8,5,59.280098,1
2012,8,6,8.546067,1
2012,9,1,4.450212,1
2012,9,2,12.705291,1
2012,9,3,5.842531,1
2012,9,4,25.542871,1
2012,9,5,33.514503,1
2012,9,6,10.664546,1
2012,10,1,37.770142,1
2012,10,2,15.477870,1
2012,10,3,61.459538,1
2012,10,4,70.577370,1
2012,10,5,60.255833,1
2012,10,6,43.056644,1
2012,11,1,24.842758,1
2012,11,2,17.760294,1
2012,11,3,54.730930,1
2012,11,4,39.389984,1
2012,11,5,28.763224,1
2012,11,6,33.862701,1
2012,12,1,32.495377,1
2012,12,2,0.458400,1
2012,12,3,7.799264,1
2012,12,4,10.891498,1
2012,12,5,12.002100,1
2012,12,6,0.416808,1
2013,1,1,0.000000,1
2013,1,2,0.116799,1
2013,1,3,9.899817,1
2013,1,4,2.317575,1
2013,1,5,15.017223,1
2013,1,6,3.819736,1
2013,2,1,38.255806,1
2013,2,2,40.218349,1
2013,2,3,0.207671,1
2013,2,4,6.954054,1
2013,2,5,22.732122,1
2013,2,6,16.068016,1
2013,3,1,15.681386,1
2013,3,2,11.060164,1
2013,3,3,19.866165,1
2013,3,4,48.845963,1
2013,3,5,33.610958,1
2013,3,6,14.106384,1
2013,4,1,14.266131,1
2013,4,2,9.316369,1
2013,4,3,18.160631,1
2013,4,4,43.058098,1
2013,4,5,28.336157,1
2013,4,6,58.405907,1
2013,5,1,67.580513,1
2013,5,2,22.687828,1
2013,5,3,25.862797,1
2013,5,4,47.942261,1
2013,5,5,101.235214,1
2013,5,6,48.469532,1
2013,6,1,10.086304,1
2013,6,2,0.000000,1
2013,6,3,50.073299,1
2013,6,4,22.614777,1
2013,6,5,36.464027,1
2013,6,6,44.917019,1
2013,7,1,11.348684,1
2013,7,2,28.975065,1
2013,7,3,10.066812,1
2013,7,4,6.210410,1
2013,7,5,7.861401,1
2013,7,6,16.476015,1
2013,8,1,32.978886,1
2013,8,2,56.387753,1
2013,8,3,42.255497,1
2013,8,4,48.228439,1
2013,8,5,26.488729,1
2013,8,6,23.958698,1
2013,9,1,59.419186,1
2013,9,2,31.645433,1
2013,9,3,25.414112,1
2013,9,4,13.028897,1
2013,9,5,3.725411,1
2013,9,6,63.120094,1
2013,10,1,40.001957,1
2013,10,2,20.913330,1
2013,10,3,70.704353,1
2013,10,4,32.368851,1
2013,10,5,31.037647,1
2013,10,6,22.572235,1
2013,11,1,59.273315,1
2013,11,2,53.365482,1
2013,11,3,24.013470,1
2013,11,4,23.578987,1
2013,11,5,24.567438,1
2013,11,6,39.817986,1
2013,12,1,57.877541,1
2013,12,2,17.368525,1
2013,12,3,19.067974,1
2013,12,4,20.683243,1
2013,12,5,0.254987,1
2013,12,6,0.497080,1
2014,1,1,12.083097,1
2014,1,2,28.717968,1
2014,1,3,0.071984,1
2014,1,4,0.000000,1
2014,1,5,10.861410,1
2014,1,6,8.781901,1
2014,2,1,2.044681,1
2014,2,2,4.621874,1
2014,2,3,7.482563,1
2014,2,4,25.618404,1
2014,2,5,23.720531,1
2014,2,6,46.224430,1
2014,3,1,27.786325,1
2014,3,2,40.662975,1
2014,3,3,25.094540,1
2014,3,4,12.520492,1
2014,3,5,9.357088,1
2014,3,6,1.315259,1
2014,4,1,16.257589,1
2014,4,2,0.000000,1
2014,4,3,20.162786,1
2014,4,4,27.177437,1
2014,4,5,81.087967,1
2014,4,6,25.749474,1
2014,5,1,32.566372,1
2014,5,2,63.232658,1
2014,5,3,38.001419,1
2014,5,4,30.464125,1
2014,5,5,33.560013,1
2014,5,6,50.607651,1
2014,6,1,14.294308,1
2014,6,2,34.681339,1
2014,6,3,23.693434,1
2014,6,4,2.580392,1
2014,6,5,38.468376,1
2014,6,6,12.114726,1
2014,7,1,28.925154,1
2014,7,2,9.956394,1
2014,7,3,2.211231,1
2014,7,4,0.000000,1
2014,7,5,3.292829,1
2014,7,6,10.622896,1
2014,8,1,21.583544,1
2014,8,2,68.708900,1
2014,8,3,31.434805,1
2014,8,4,11.457778,1
2014,8,5,33.644581,1
2014,8,6,23.630402,1
2014,9,1,16.508179,1
2014,9,2,24.774363,1
2014,9,3,60.475338,1
2014,9,4,31.893238,1
2014,9,5,33.375118,1
2014,9,6,3.810449,1
2014,10,1,23.224567,1
2014,10,2,97.569038,1
2014,10,3,41.226768,1
2014,10,4,13.616961,1
2014,10,5,51.747540,1
2014,10,6,54.663742,1
2014,11,1,23.844173,1
2014,11,2,62.886993,1
2014,11,3,38.298191,1
2014,11,4,4.416081,1
2014,11,5,23.949127,1
2014,11,6,26.315647,1
2014,12,1,22.003637,1
2014,12,2,56.968445,1
2014,12,3,30.382267,1
2014,12,4,8.223934,1
2014,12,5,0.071037,1
2014,12,6,0.287761,1
2015,1,1,0.000000,1
2015,1,2,0.094357,1
2015,1,3,0.072828,1
2015,1,4,11.134720,1
2015,1,5,39.249023,1
2015,1,6,12.979399,1
2015,2,1,8.343267,1
2015,2,2,52.872337,1
2015,2,3,15.098374,1
2015,2,4,1.234396,1
2015,2,5,2.559783,1
2015,2,6,7.547308,1
2015,3,1,11.015165,1
2015,3,2,7.009340,1
2015,3,3,7.930324,1
2015,3,4,69.346992,1
2015,3,5,0.000000,1
2015,3,6,37.766727,1
2015,4,1,26.597618,1
2015,4,2,42.902306,1
2015,4,3,53.471813,1
2015,4,4,63.560375,1
2015,4,5,12.366890,1
2015,4,6,4.155599,1
2015,5,1,19.195307,1
2015,5,2,10.798044,1
2015,5,3,15.836715,1
2015,5,4,35.879242,1
2015,5,5,34.322041,1
2015,5,6,90.404282,1
2015,6,1,12.619063,1
2015,6,2,32.472813,1
2015,6,3,15.256523,1
2015,6,4,3.971507,1
2015,6,5,0.000000,1
2015,6,6,4.736945,1
2015,7,1,7.714036,1
2015,7,2,7.984484,1
2015,7,3,37.405834,1
2015,7,4,48.757545,1
2015,7,5,15.492665,1
2015,7,6,26.578276,1
2015,8,1,1.259875,1
2015,8,2,20.187212,1
2015,8,3,6.529601,1
2015,8,4,42.221008,1
2015,8,5,33.023365,1
2015,8,6,24.216343,1
2015,9,1,13.242175,1
2015,9,2,33.425961,1
2015,9,3,10.915359,1
2015,9,4,46.247421,1
2015,9,5,8.835538,1
2015,9,6,16.315346,1
2015,10,1,25.724707,1
2015,10,2,11.403580,1
2015,10,3,60.678326,1
2015,10,4,23.201874,1
2015,10,5,41.336987,1
2015,10,6,31.344408,1
2015,11,1,34.605480,1
2015,11,2,51.439495,1
2015,11,3,6.597383,1
2015,11,4,43.044697,1
2015,11,5,3.061380,1
2015,11,6,13.949224,1
2015,12,1,12.023560,1
2015,12,2,2.496794,1
2015,12,3,14.413596,1
2015,12,4,6.687063,1
2015,12,5,4.588459,1
2015,12,6,5.921503,1
2016,1,1,29.363586,1
2016,1,2,20.461275,1
2016,1,3,0.000000,1
2016,1,4,0.000000,1
2016,1,5,4.996436,1
2016,1,6,0.000000,1
2016,2,1,2.897663,1
2016,2,2,0.000000,1
2016,2,3,8.262057,1
2016,2,4,27.756540,1
2016,2,5,12.223383,1
2016,2,6,0.000000,1
2016,3,1,5.076211,1
2016,3,2,27.406467,1
2016,3,3,6.170925,1
2016,3,4,19.995943,1
2016,3,5,0.000000,1
2016,3,6,28.864315,1
2016,4,1,19.322968,1
2016,4,2,28.618553,1
2016,4,3,24.893757,1
2016,4,4,11.661567,1
2016,4,5,46.855774,1
2016,4,6,59.726154,1
2016,5,1,27.269470,1
2016,5,2,91.770004,1
2016,5,3,6.972225,1
2016,5,4,8.731350,1
2016,5,5,36.902378,1
2016,5,6,51.945709,1
2016,6,1,31.047316,1
2016,6,2,13.928285,1
2016,6,3,11.064723,1
2016,6,4,14.912584,1
2016,6,5,22.870405,1
2016,6,6,1.565385,1
2016,7,1,58.899036,1
2016,7,2,9.908514,1
2016,7,3,44.816227,1
2016,7,4,32.080826,1
2016,7,5,16.240881,1
2016,7,6,23.254017,1
2016,8,1,23.368149,1
2016,8,2,25.225979,1
2016,8,3,32.600216,1
2016,8,4,38.744175,1
2016,8,5,6.398963,1
2016,8,6,70.480911,1
2016,9,1,48.834763,1
2016,9,2,59.104919,1
2016,9,3,57.288300,1
2016,9,4,9.989353,1
2016,9,5,26.680010,1
2016,9,6,35.235649,1
2016,10,1,18.834822,1
2016,10,2,64.469261,1
2016,10,3,57.317432,1
2016,10,4,44.344250,1
2016,10,5,39.140587,1
2016,10,6,47.029671,1
2016,11,1,33.427391,1
2016,11,2,34.493961,1
2016,11,3,38.193520,1
2016,11,4,48.267761,1
2016,11,5,8.133662,1
2016,11,6,47.528210,1
2016,12,1,55.200397,1
2016,12,2,28.659595,1
2016,12,3,16.577921,1
2016,12,4,17.877386,1
2016,12,5,21.226433,1
2016,12,6,18.959036,1
2017,1,1,8.887146,1
2017,1,2,35.056252,1
2017,1,3,32.966488,1
2017,1,4,0.000000,1
2017,1,5,0.000000,1
2017,1,6,17.516151,1
2017,2,1,0.000000,1
2017,2,2,2.918936,1
2017,2,3,3.744305,1
2017,2,4,8.365197,1
2017,2,5,23.122425,1
2017,2,6,10.171489,1
2017,3,1,21.159739,1
2017,3,2,56.894192,1
2017,3,3,69.984497,1
2017,3,4,14.311337,1
2017,3,5,66.747154,1
2017,3,6,88.377838,1
2017,4,1,8.425518,1
2017,4,2,43.520412,1
2017,4,3,41.574108,1
2017,4,4,31.895674,1
2017,4,5,20.191507,1
2017,4,6,22.893068,1
2017,5,1,73.427094,1
2017,5,2,98.254265,1
2017,5,3,52.681755,1
2017,5,4,54.936733,1
2017,5,5,7.898354,1
2017,5,6,16.787197,1
2017,6,1,16.686001,1
2017,6,2,40.403137,1
2017,6,3,53.834435,1
2017,6,4,36.865311,1
2017,6,5,13.144834,1
2017,6,6,58.205067,1
2017,7,1,5.331632,1
2017,7,2,9.354675,1
2017,7,3,12.690521,1
2017,7,4,34.526310,1
2017,7,5,3.865284,1
2017,7,6,7.819963,1
2017,8,1,16.748285,1
2017,8,2,28.523355,1
2017,8,3,27.277533,1
2017,8,4,34.504772,1
2017,8,5,9.453652,1
2017,8,6,63.868286,1
2017,9,1,15.926231,1
2017,9,2,54.133583,1
2017,9,3,54.339951,1
2017,9,4,32.130836,1
2017,9,5,27.755976,1
2017,9,6,45.354275,1
2017,10,1,58.463463,1
2017,10,2,21.367237,1
2017,10,3,11.814915,1
2017,10,4,18.104704,1
2017,10,5,53.898544,1
2017,10,6,49.147541,1
2017,11,1,35.211849,1
2017,11,2,19.074545,1
2017,11,3,41.463047,1
2017,11,4,45.625847,1
2017,11,5,10.878878,1
2017,11,6,21.957800,1
2017,12,1,37.372143,1
2017,12,2,72.737007,1
2017,12,3,0.000000,1
2017,12,4,0.711280,1
2017,12,5,6.677262,1
2017,12,6,14.521093,1
2018,1,1,49.482758,1
2018,1,2,32.514400,1
2018,1,3,8.867145,1
2018,1,4,20.575487,1
2018,1,5,3.692633,1
2018,1,6,11.275084,1
2018,2,1,29.972363,1
2018,2,2,0.000000,1
2018,2,3,20.222862,1
2018,2,4,7.987360,1
2018,2,5,0.000000,1
2018,2,6,0.000000,1
2018,3,1,20.077349,1
2018,3,2,4.049277,1
2018,3,3,0.000000,1
2018,3,4,25.745562,1
2018,3,5,50.489967,1
2018,3,6,45.979034,1
2018,4,1,69.122971,1
2018,4,2,38.525440,1
2018,4,3,42.150917,1
2018,4,4,20.299677,1
2018,4,5,37.008659,1
2018,4,6,79.986404,1
2018,5,1,52.884979,1
2018,5,2,78.323769,1
2018,5,3,80.202530,1
2018,5,4,86.642807,1
2018,5,5,23.706760,1
2018,5,6,63.090351,1
2018,6,1,42.031597,1
2018,6,2,5.413907,1
2018,6,3,17.668568,1
2018,6,4,5.488093,1
2018,6,5,35.085167,1
2018,6,6,30.087605,1
2018,7,1,28.714273,1
2018,7,2,7.887785,1
2018,7,3,3.786479,1
2018,7,4,13.943374,1
2018,7,5,11.606376,1
2018,7,6,42.386295,1
2018,8,1,48.975761,1
2018,8,2,0.000000,1
2018,8,3,34.913090,1
2018,8,4,8.999776,1
2018,8,5,12.371490,1
2018,8,6,23.515846,1
2018,9,1,45.304840,1
2018,9,2,43.833248,1
2018,9,3,39.613621,1
2018,9,4,25.344532,1
2018,9,5,16.253176,1
2018,9,6,76.093872,1
2018,10,1,61.197247,1
2018,10,2,68.974266,1
2018,10,3,24.469709,1
2018,10,4,71.529854,1
2018,10,5,39.106133,1
2018,10,6,19.300236,1
2018,11,1,52.561443,1
2018,11,2,21.632692,1
2018,11,3,15.745240,1
2018,11,4,34.168892,1
2018,11,5,78.023514,1
2018,11,6,54.876839,1
2018,12,1,1.435533,1
2018,12,2,4.442986,1
2018,12,3,13.763844,1
2018,12,4,5.607395,1
2018,12,5,2.889477,1
2018,12,6,0.713783,1
2019,1,1,0.000000,1
2019,1,2,35.296833,1
2019,1,3,0.000000,1
2019,1,4,0.000000,1
2019,1,5,6.132877,1
2019,1,6,5.745492,1
2019,2,1,5.014140,1
2019,2,2,3.125690,1
2019,2,3,10.800443,1
2019,2,4,32.756039,1
2019,2,5,20.847944,1
2019,2,6,22.980808,1
2019,3,1,36.074684,1
2019,3,2,1.612275,1
2019,3,3,19.255022,1
2019,3,4,24.328987,1
2019,3,5,61.849495,1
2019,3,6,33.171398,1
2019,4,1,84.164757,1
2019,4,2,49.998905,1
2019,4,3,20.084393,1
2019,4,4,60.692574,1
2019,4,5,54.322990,1
2019,4,6,24.026007,1
2019,5,1,2.814163,1
2019,5,2,56.167507,1
2019,5,3,49.174072,1
2019,5,4,80.393311,1
2019,5,5,88.102043,1
2019,5,6,104.368576,1
2019,6,1,23.557484,1
2019,6,2,27.003040,1
2019,6,3,31.319675,1
2019,6,4,6.155423,1
2019,6,5,15.154585,1
2019,6,6,9.105972,1
2019,7,1,45.569172,1
2019,7,2,14.550759,1
2019,7,3,38.060051,1
2019,7,4,3.171293,1
2019,7,5,26.579401,1
2019,7,6,6.993209,1
2019,8,1,17.607424,1
2019,8,2,2.425971,1
2019,8,3,3.466143,1
2019,8,4,12.912068,1
2019,8,5,4.359835,1
2019,8,6,3.553624,1
2019,9,1,16.305927,1
2019,9,2,10.031972,1
2019,9,3,40.400280,1
2019,9,4,52.385426,1
2019,9,5,54.516468,1
2019,9,6,46.926418,1
2019,10,1,22.916992,1
2019,10,2,24.992601,1
2019,10,3,41.161171,1
2019,10,4,51.585789,1
2019,10,5,55.153957,1
2019,10,6,69.189926,1
2019,11,1,32.839821,1
2019,11,2,40.007687,1
2019,11,3,61.028042,1
2019,11,4,20.897268,1
2019,11,5,15.442138,1
2019,11,6,18.561281,1
2019,12,1,5.954298,1
2019,12,2,8.079926,1
2019,12,3,29.078653,1
2019,12,4,14.408096,1
2019,12,5,13.043624,1
2019,12,6,46.407482,1
2020,1,1,2.245864,1
2020,1,2,0.110427,1
2020,1,3,3.514538,1
2020,1,4,8.478189,1
2020,1,5,48.681828,1
2020,1,6,7.758239,1
2020,2,1,10.721805,1
2020,2,2,0.000000,1
2020,2,3,0.264269,1
2020,2,4,2.065422,1
2020,2,5,39.679970,1
2020,2,6,7.989705,1
2020,3,1,0.871563,1
2020,3,2,8.817123,1
2020,3,3,14.711941,1
2020,3,4,0.000000,1
2020,3,5,0.000000,1
2020,3,6,17.205597,1
2020,4,1,13.057798,1
2020,4,2,21.837309,1
2020,4,3,30.777882,1
2020,4,4,13.380935,1
2020,4,5,19.499817,1
2020,4,6,29.857712,1
2020,5,1,18.703999,1
2020,5,2,7.307140,1
2020,5,3,9.608592,1
2020,5,4,33.100883,1
2020,5,5,5.489906,1
2020,5,6,30.075829,1
2020,6,1,20.427471,1
2020,6,2,27.717573,1
2020,6,3,37.828865,1
2020,6,4,24.912449,1
2020,6,5,21.087238,1
2020,6,6,39.907867,1
2020,7,1,63.745026,1
2020,7,2,49.914860,1
2020,7,3,56.088459,1
2020,7,4,4.500319,1
2020,7,5,65.187569,1
2020,7,6,46.276562,1
2020,8,1,4.082211,1
2020,8,2,3.283566,1
2020,8,3,49.331196,1
2020,8,4,61.541142,1
2020,8,5,46.782814,1
2020,8,6,30.037333,1
2020,9,1,77.756889,1
2020,9,2,39.743004,1
2020,9,3,42.221828,1
2020,9,4,71.786507,1
2020,9,5,22.542095,1
2020,9,6,22.394812,1
2020,10,1,51.514107,1
2020,10,2,13.231872,1
2020,10,3,20.149017,1
2020,10,4,18.570511,1
2020,10,5,33.796425,1
2020,10,6,58.621597,1
2020,11,1,31.752899,1
2020,11,2,35.344322,1
2020,11,3,72.915298,1
2020,11,4,61.047909,1
2020,11,5,8.995371,1
2020,11,6,33.501827,1
2020,12,1,37.161480,1
2020,12,2,0.000000,1
2020,12,3,0.000000,1
2020,12,4,4.103013,1
2020,12,5,42.883865,1
2020,12,6,25.660864,1
2021,1,1,0.000000,1
2021,1,2,31.638731,1
2021,1,3,12.220450,1
2021,1,4,0.000000,1
2021,1,5,14.001631,1
2021,1,6,8.742380,1
2021,2,1,10.905350,1
2021,2,2,0.000000,1
2021,2,3,11.999077,1
2021,2,4,23.856205,1
2021,2,5,12.086473,1
2021,2,6,23.732689,1
2021,3,1,33.446274,1
2021,3,2,42.324650,1
2021,3,3,36.191917,1
2021,3,4,98.645386,1
2021,3,5,57.548801,1
2021,3,6,63.863533,1
2021,4,1,54.937321,1
2021,4,2,29.684713,1
2021,4,3,32.708778,1
2021,4,4,23.356152,1
2021,4,5,14.782504,1
2021,4,6,25.468546,1
2021,5,1,49.863331,1
2021,5,2,56.137497,1
2021,5,3,40.399357,1
2021,5,4,67.140083,1
2021,5,5,24.484911,1
2021,5,6,50.611141,1
2021,6,1,54.763046,1
2021,6,2,40.738674,1
2021,6,3,49.636639,1
2021,6,4,21.574228,1
2021,6,5,29.488272,1
2021,6,6,32.165977,1
2021,7,1,2.805714,1
2021,7,2,16.375946,1
2021,7,3,23.249266,1
2021,7,4,24.555498,1
2021,7,5,33.022411,1
2021,7,6,33.520660,1
2021,8,1,4.996331,1
2021,8,2,30.741289,1
2021,8,3,62.441418,1
2021,8,4,55.425385,1
2021,8,5,32.255142,1
2021,8,6,64.042160,1
2021,9,1,38.708275,1
2021,9,2,28.265896,1
2021,9,3,28.653429,1
2021,9,4,5.769371,1
2021,9,5,40.651920,1
2021,9,6,27.248396,1
2021,10,1,34.672253,1
2021,10,2,35.136787,1
2021,10,3,23.188232,1
2021,10,4,40.646202,1
2021,10,5,29.942226,1
2021,10,6,84.235710,1
2021,11,1,0.000000,1
2021,11,2,57.817936,1
2021,11,3,38.731228,1
2021,11,4,0.000000,1
2021,11,5,72.336182,1
2021,11,6,37.887135,1
2021,12,1,20.323854,1
2021,12,2,4.011888,1
2021,12,3,37.079212,1
2021,12,4,16.513731,1
2021,12,5,9.279116,1
2021,12,6,11.294436,1
2022,1,1,0.000000,1
2022,1,2,66.978668,1
2022,1,3,0.000000,1
2022,1,4,0.000000,1
2022,1,5,8.363172,1
2022,1,6,0.000000,1
2022,2,1,3.136223,1
2022,2,2,0.000000,1
2022,2,3,26.441734,1
2022,2,4,30.135548,1
2022,2,5,12.343877,1
2022,2,6,32.440250,1
2022,3,1,78.600983,1
2022,3,2,14.979488,1
2022,3,3,36.002365,1
2022,3,4,44.801865,1
2022,3,5,38.336033,1
2022,3,6,92.475052,1
2022,4,1,53.222588,1
2022,4,2,48.877766,1
2022,4,3,10.593109,1
2022,4,4,31.849037,1
2022,4,5,46.538162,1
2022,4,6,27.875977,1
2022,5,1,23.512617,1
2022,5,2,77.918701,1
2022,5,3,42.846992,1
2022,5,4,54.690277,1
2022,5,5,27.032539,1
2022,5,6,33.200245,1
2022,6,1,54.657227,1
2022,6,2,20.737635,1
2022,6,3,39.738388,1
2022,6,4,39.062523,1
2022,6,5,15.058084,1
2022,6,6,61.104061,1
2022,7,1,19.573275,1
2022,7,2,0.000000,1
2022,7,3,15.333442,1
2022,7,4,12.958518,1
2022,7,5,43.405495,1
2022,7,6,74.316269,1
2022,8,1,72.517868,1
2022,8,2,18.773031,1
2022,8,3,42.982269,1
2022,8,4,22.282488,1
2022,8,5,28.105694,1
2022,8,6,45.573750,1
2022,9,1,26.641247,1
2022,9,2,32.440273,1
2022,9,3,35.004169,1
2022,9,4,57.753849,1
2022,9,5,55.692745,1
2022,9,6,33.265305,1
2022,10,1,49.663273,1
2022,10,2,57.676834,1
2022,10,3,38.249859,1
2022,10,4,82.987808,1
2022,10,5,107.106415,1
2022,10,6,10.546932,1
2022,11,1,32.207027,1
2022,11,2,73.308723,1
2022,11,3,46.261860,1
2022,11,4,36.984837,1
2022,11,5,43.046322,1
2022,11,6,51.431282,1
2022,12,1,0.000000,1
2022,12,2,17.701572,1
2022,12,3,8.341248,1
2022,12,4,3.240921,1
2022,12,5,6.489153,1
2022,12,6,8.083872,1
2023,1,1,0.000000,1
2023,1,2,10.339631,1
2023,1,3,51.034729,1
2023,1,4,41.431526,1
2023,1,5,7.243173,1
2023,1,6,0.000000,1
2023,2,1,0.000000,1
2023,2,2,1.070220,1
2023,2,3,7.472900,1
2023,2,4,36.275600,1
2023,2,5,6.150917,1
2023,2,6,12.772549,1
2023,3,1,14.468191,1
2023,3,2,51.732555,1
2023,3,3,97.339447,1
2023,3,4,49.093025,1
2023,3,5,28.915344,1
2023,3,6,35.674164,1
2023,4,1,26.547678,1
2023,4,2,24.135044,1
2023,4,3,27.500622,1
2023,4,4,55.554470,1
2023,4,5,33.115440,1
2023,4,6,44.372700,1
2023,5,1,0.000000,1
2023,5,2,12.642670,1
2023,5,3,22.547071,1
2023,5,4,72.768867,1
2023,5,5,78.544258,1
2023,5,6,97.729462,1
2023,6,1,25.319201,1
2023,6,2,33.322018,1
2023,6,3,8.587227,1
2023,6,4,3.279485,1
2023,6,5,32.415451,1
2023,6,6,16.380400,1
2023,7,1,35.277214,1
2023,7,2,29.232944,1
2023,7,3,10.775854,1
2023,7,4,20.652012,1
2023,7,5,6.725554,1
2023,7,6,25.150537,1
2023,8,1,3.599254,1
2023,8,2,9.852507,1
2023,8,3,19.137461,1
2023,8,4,26.478798,1
2023,8,5,41.395790,1
2023,8,6,15.121819,1
2023,9,1,22.497648,1
2023,9,2,31.433130,1
2023,9,3,25.249653,1
2023,9,4,11.772067,1
2023,9,5,22.213860,1
2023,9,6,13.611563,1
2023,10,1,44.420021,1
2023,10,2,25.100372,1
2023,10,3,27.149971,1
2023,10,4,18.295355,1
2023,10,5,43.192749,1
2023,10,6,97.954666,1
2023,11,1,38.697918,1
2023,11,2,4.887592,1
2023,11,3,23.423956,1
2023,11,4,40.595398,1
2023,11,5,18.657236,1
2023,11,6,5.969632,1
2023,12,1,0.000000,1
2023,12,2,13.391418,1
2023,12,3,9.380559,1
2023,12,4,43.952572,1
2023,12,5,12.700843,1
2023,12,6,19.209385,1
2024,1,1,0.000000,1
2024,1,2,0.132935,1
2024,1,3,0.000000,1
2024,1,4,0.000000,1
2024,1,5,3.288168,1
2024,1,6,8.965874,1
2024,2,1,46.953159,1
2024,2,2,0.000000,1
2024,2,3,6.890045,1
2024,2,4,2.051678,1
2024,2,5,0.000000,1
2024,2,6,0.000000,1
2024,3,1,12.152932,1
2024,3,2,17.685503,1
2024,3,3,12.725166,1
2024,3,4,13.367524,1
2024,3,5,6.398499,1
2024,3,6,0.000000,1
2024,4,1,43.954147,1
2024,4,2,7.293388,1
2024,4,3,0.971605,1
2024,4,4,33.888157,1
2024,4,5,60.808186,1
2024,4,6,44.698170,1
2024,5,1,74.416656,1
2024,5,2,68.749084,1
2024,5,3,58.537708,1
2024,5,4,29.529175,1
2024,5,5,63.344276,1
2024,5,6,70.936638,1
2024,6,1,47.409290,1
2024,6,2,53.160912,1
2024,6,3,66.460144,1
2024,6,4,42.151443,1
2024,6,5,50.047066,1
2024,6,6,51.260715,1
2024,7,1,94.662514,1
2024,7,2,0.000000,1
2024,7,3,0.000000,1
2024,7,4,5.149073,1
2024,7,5,2.801732,1
2024,7,6,19.428495,1
2024,8,1,63.790718,1
2024,8,2,23.266802,1
2024,8,3,24.129589,1
2024,8,4,8.277132,1
2024,8,5,15.973767,1
2024,8,6,15.388023,1
2024,9,1,77.674286,1
2024,9,2,6.046597,1
2024,9,3,14.767685,1
2024,9,4,12.091976,1
2024,9,5,14.471987,1
2024,9,6,37.262569,1
2024,10,1,41.801159,1
2024,10,2,62.697872,1
2024,10,3,26.779213,1
2024,10,4,45.033237,1
2024,10,5,29.904263,1
2024,10,6,49.874939,1
2024,11,1,42.155243,1
2024,11,2,64.724747,1
2024,11,3,40.905048,1
2024,11,4,23.442482,1
2024,11,5,20.603828,1
2024,11,6,7.618876,1
2024,12,1,1.088359,1
2024,12,2,0.000000,1
2024,12,3,2.832692,1
2024,12,4,32.228195,1
2024,12,5,49.622356,1
2024,12,6,37.267662,1
